




2026-04-11T19:35:38Z Bitcoin Core version v30.2.0 (release build)
2026-04-11T19:35:38Z Qt 6.7.3 (static), plugin=windows
2026-04-11T19:35:38Z Static plugins:
2026-04-11T19:35:38Z  QMinimalIntegrationPlugin, version 395008
2026-04-11T19:35:38Z  QModernWindowsStylePlugin, version 395008
2026-04-11T19:35:38Z  QWindowsIntegrationPlugin, version 395008
2026-04-11T19:35:38Z Style: windows11 / QWindows11Style
2026-04-11T19:35:38Z System: Windows 11 Version 25H2, x86_64-little_endian-llp64
2026-04-11T19:35:38Z Screen: \\.\DISPLAY1 1536x864, pixel ratio=1.2
2026-04-11T19:35:46Z Signet derived magic (message start): 0a03cf40
2026-04-11T19:35:46Z Using the 'x86_shani(1way;2way)' SHA256 implementation
2026-04-11T19:35:46Z Using RdSeed as an additional entropy source
2026-04-11T19:35:46Z Using RdRand as an additional entropy source
2026-04-11T19:35:46Z GUI: "registerShutdownBlockReason: Successfully registered: Bitcoin Core didn't yet exit safely…"
2026-04-11T19:35:46Z Default data directory C:\Users\dread\AppData\Roaming\Bitcoin
2026-04-11T19:35:46Z Using data directory G:\gogetum-minmine_PROD\BitcoinData\signet
2026-04-11T19:35:46Z Config file: G:\gogetum-minmine_PROD\BitcoinData\bitcoin.conf (not found, skipping)
2026-04-11T19:35:46Z Command-line arg: datadir="G:\\gogetum-minmine_PROD\\BitcoinData"
2026-04-11T19:35:46Z Command-line arg: dbcache="2000"
2026-04-11T19:35:46Z Command-line arg: par="4"
2026-04-11T19:35:46Z Command-line arg: signet=""
2026-04-11T19:35:46Z Using at most 125 automatic connections (1024 file descriptors available)
2026-04-11T19:35:46Z scheduler thread start
2026-04-11T19:35:46Z Using wallet directory G:\gogetum-minmine_PROD\BitcoinData\signet\wallets
2026-04-11T19:35:46Z init message: Verifying wallet(s)…
2026-04-11T19:35:46Z Using /16 prefix for IP bucketing
2026-04-11T19:35:46Z init message: Loading P2P addresses…
2026-04-11T19:35:46Z Creating peers.dat because the file was not found ("G:\gogetum-minmine_PROD\BitcoinData\signet\peers.dat")
2026-04-11T19:35:46Z init message: Loading banlist…
2026-04-11T19:35:46Z Recreating the banlist database
2026-04-11T19:35:46Z SetNetworkActive: true
2026-04-11T19:35:46Z G:\gogetum-minmine_PROD\BitcoinData\signet\fee_estimates.dat is not found. Continue anyway.
2026-04-11T19:35:46Z Cache configuration:
2026-04-11T19:35:46Z * Using 2.0 MiB for block index database
2026-04-11T19:35:46Z * Using 8.0 MiB for chain state database
2026-04-11T19:35:46Z * Using 1990.0 MiB for in-memory UTXO set (plus up to 286.1 MiB of unused mempool space)
2026-04-11T19:35:46Z Script verification uses 3 additional threads
2026-04-11T19:35:46Z Using obfuscation key for blocksdir *.dat files (G:\gogetum-minmine_PROD\BitcoinData\signet\blocks): '5bd8961f7e164a08'
2026-04-11T19:35:46Z Opening LevelDB in G:\gogetum-minmine_PROD\BitcoinData\signet\blocks\index
2026-04-11T19:35:46Z Opened LevelDB successfully
2026-04-11T19:35:46Z Using obfuscation key for G:\gogetum-minmine_PROD\BitcoinData\signet\blocks\index: 0000000000000000
2026-04-11T19:35:46Z Using 16 MiB out of 16 MiB requested for signature cache, able to store 524288 elements
2026-04-11T19:35:46Z Using 16 MiB out of 16 MiB requested for script execution cache, able to store 524288 elements
2026-04-11T19:35:46Z init message: Loading block index…
2026-04-11T19:35:46Z Assuming ancestors of block 000000128586e26813922680309f04e1de713c7542fee86ed908f56368aefe2e have valid signatures.
2026-04-11T19:35:46Z Setting nMinimumChainWork=0000000000000000000000000000000000000000000000000000067d328e681a
2026-04-11T19:35:46Z Loading block index db: last block file = 0
2026-04-11T19:35:46Z Loading block index db: last block file info: CBlockFileInfo(blocks=0, size=0, heights=0...0, time=1970-01-01...1970-01-01)
2026-04-11T19:35:46Z Checking all blk files are present...
2026-04-11T19:35:46Z Initializing chainstate Chainstate [ibd] @ height -1 (null)
2026-04-11T19:35:46Z Opening LevelDB in G:\gogetum-minmine_PROD\BitcoinData\signet\chainstate
2026-04-11T19:35:46Z Opened LevelDB successfully
2026-04-11T19:35:46Z Wrote new obfuscation key for G:\gogetum-minmine_PROD\BitcoinData\signet\chainstate: cb642bee14615d51
2026-04-11T19:35:46Z Using obfuscation key for G:\gogetum-minmine_PROD\BitcoinData\signet\chainstate: cb642bee14615d51
2026-04-11T19:35:46Z init message: Verifying blocks…
2026-04-11T19:35:46Z Block index and chainstate loaded
2026-04-11T19:35:46Z Setting NODE_NETWORK on non-prune mode
2026-04-11T19:35:46Z initload thread start
2026-04-11T19:35:46Z UpdateTip: new best=00000008819873e925422c1ff0f99f7cc9bbb232af63a077a480a3633bee1ef6 height=0 version=0x00000001 log2_work=22.206105 tx=1 date='2020-09-01T00:00:00Z' progress=0.000000 cache=0.3MiB(0txo)
2026-04-11T19:35:46Z block tree size = 1
2026-04-11T19:35:46Z nBestHeight = 0
2026-04-11T19:35:46Z mapport thread start
2026-04-11T19:35:46Z Failed to open mempool file. Continuing anyway.
2026-04-11T19:35:46Z initload thread exit
2026-04-11T19:35:46Z torcontrol thread start
2026-04-11T19:35:46Z Bound to 127.0.0.1:38334
2026-04-11T19:35:46Z Bound to [::]:38333
2026-04-11T19:35:46Z Bound to 0.0.0.0:38333
2026-04-11T19:35:46Z 0 block-relay-only anchors will be tried for connections.
2026-04-11T19:35:46Z init message: Starting network threads…
2026-04-11T19:35:46Z net thread start
2026-04-11T19:35:46Z dnsseed thread start
2026-04-11T19:35:46Z addcon thread start
2026-04-11T19:35:46Z opencon thread start
2026-04-11T19:35:46Z init message: Done loading
2026-04-11T19:35:46Z msghand thread start
2026-04-11T19:35:46Z [net:error] Could not get best interface for default route: Element not found.  (1168)
2026-04-11T19:35:46Z Loading addresses from DNS seed seed.signet.achownodes.xyz.
2026-04-11T19:35:46Z GUI: Platform customization: "windows"
2026-04-11T19:35:48Z Loading addresses from DNS seed seed.signet.bitcoin.sprovoost.nl.
2026-04-11T19:35:48Z New outbound-full-relay v1 peer connected: version: 70016, blocks=299676, peer=0
2026-04-11T19:35:49Z Pre-synchronizing blockheaders, height: 2000 (~0.67%)
2026-04-11T19:35:49Z 42 addresses found from DNS seeds
2026-04-11T19:35:49Z dnsseed thread exit
2026-04-11T19:35:49Z Pre-synchronizing blockheaders, height: 6000 (~2.03%)
2026-04-11T19:35:49Z Pre-synchronizing blockheaders, height: 10000 (~3.38%)
2026-04-11T19:35:49Z Pre-synchronizing blockheaders, height: 16000 (~5.41%)
2026-04-11T19:35:50Z Pre-synchronizing blockheaders, height: 22000 (~7.43%)
2026-04-11T19:35:50Z Pre-synchronizing blockheaders, height: 28000 (~9.46%)
2026-04-11T19:35:50Z Pre-synchronizing blockheaders, height: 34000 (~11.49%)
2026-04-11T19:35:51Z Pre-synchronizing blockheaders, height: 40000 (~13.51%)
2026-04-11T19:35:51Z Pre-synchronizing blockheaders, height: 44000 (~14.86%)
2026-04-11T19:35:51Z Pre-synchronizing blockheaders, height: 50000 (~16.90%)
2026-04-11T19:35:52Z Pre-synchronizing blockheaders, height: 56000 (~18.92%)
2026-04-11T19:35:52Z Pre-synchronizing blockheaders, height: 62000 (~20.95%)
2026-04-11T19:35:52Z Pre-synchronizing blockheaders, height: 68000 (~22.98%)
2026-04-11T19:35:52Z Pre-synchronizing blockheaders, height: 74000 (~25.01%)
2026-04-11T19:35:53Z Pre-synchronizing blockheaders, height: 80000 (~27.03%)
2026-04-11T19:35:53Z Pre-synchronizing blockheaders, height: 86000 (~29.07%)
2026-04-11T19:35:53Z Pre-synchronizing blockheaders, height: 92000 (~31.08%)
2026-04-11T19:35:54Z Pre-synchronizing blockheaders, height: 98000 (~33.12%)
2026-04-11T19:35:54Z Pre-synchronizing blockheaders, height: 104000 (~35.15%)
2026-04-11T19:35:54Z Pre-synchronizing blockheaders, height: 110000 (~37.17%)
2026-04-11T19:35:54Z Pre-synchronizing blockheaders, height: 116000 (~39.19%)
2026-04-11T19:35:55Z Pre-synchronizing blockheaders, height: 122000 (~41.22%)
2026-04-11T19:35:55Z Pre-synchronizing blockheaders, height: 128000 (~43.23%)
2026-04-11T19:35:55Z Pre-synchronizing blockheaders, height: 134000 (~45.28%)
2026-04-11T19:35:55Z Pre-synchronizing blockheaders, height: 140000 (~47.30%)
2026-04-11T19:35:56Z Pre-synchronizing blockheaders, height: 146000 (~49.34%)
2026-04-11T19:35:56Z Pre-synchronizing blockheaders, height: 152000 (~51.35%)
2026-04-11T19:35:56Z Pre-synchronizing blockheaders, height: 158000 (~53.38%)
2026-04-11T19:35:57Z Pre-synchronizing blockheaders, height: 164000 (~55.41%)
2026-04-11T19:35:57Z Pre-synchronizing blockheaders, height: 170000 (~57.44%)
2026-04-11T19:35:57Z Pre-synchronizing blockheaders, height: 176000 (~59.47%)
2026-04-11T19:35:57Z Pre-synchronizing blockheaders, height: 182000 (~61.49%)
2026-04-11T19:35:58Z Pre-synchronizing blockheaders, height: 188000 (~63.52%)
2026-04-11T19:35:58Z Pre-synchronizing blockheaders, height: 194000 (~65.56%)
2026-04-11T19:35:58Z New outbound-full-relay v1 peer connected: version: 70016, blocks=299676, peer=2
2026-04-11T19:35:58Z Pre-synchronizing blockheaders, height: 200000 (~67.59%)
2026-04-11T19:35:59Z Pre-synchronizing blockheaders, height: 206000 (~69.61%)
2026-04-11T19:35:59Z Pre-synchronizing blockheaders, height: 212000 (~71.65%)
2026-04-11T19:35:59Z Pre-synchronizing blockheaders, height: 218000 (~73.69%)
2026-04-11T19:35:59Z Pre-synchronizing blockheaders, height: 224000 (~75.70%)
2026-04-11T19:36:00Z Pre-synchronizing blockheaders, height: 230000 (~77.72%)
2026-04-11T19:36:00Z Pre-synchronizing blockheaders, height: 236000 (~79.74%)
2026-04-11T19:36:00Z Pre-synchronizing blockheaders, height: 242000 (~81.77%)
2026-04-11T19:36:01Z Pre-synchronizing blockheaders, height: 248000 (~83.07%)
2026-04-11T19:36:01Z Pre-synchronizing blockheaders, height: 254000 (~84.76%)
2026-04-11T19:36:01Z Pre-synchronizing blockheaders, height: 260000 (~86.77%)
2026-04-11T19:36:01Z Pre-synchronizing blockheaders, height: 266000 (~88.76%)
2026-04-11T19:36:02Z Synchronizing blockheaders, height: 991 (~0.34%)
2026-04-11T19:36:02Z Synchronizing blockheaders, height: 2991 (~1.01%)
2026-04-11T19:36:02Z Synchronizing blockheaders, height: 4991 (~1.68%)
2026-04-11T19:36:03Z Synchronizing blockheaders, height: 6991 (~2.36%)
2026-04-11T19:36:03Z Synchronizing blockheaders, height: 8991 (~3.04%)
2026-04-11T19:36:03Z Synchronizing blockheaders, height: 10991 (~3.71%)
2026-04-11T19:36:03Z Synchronizing blockheaders, height: 12991 (~4.39%)
2026-04-11T19:36:03Z Synchronizing blockheaders, height: 14991 (~5.06%)
2026-04-11T19:36:03Z Synchronizing blockheaders, height: 16991 (~5.74%)
2026-04-11T19:36:03Z Synchronizing blockheaders, height: 18991 (~6.41%)
2026-04-11T19:36:03Z Synchronizing blockheaders, height: 20991 (~7.09%)
2026-04-11T19:36:03Z Synchronizing blockheaders, height: 22991 (~7.77%)
2026-04-11T19:36:03Z Synchronizing blockheaders, height: 24991 (~8.44%)
2026-04-11T19:36:04Z Synchronizing blockheaders, height: 26991 (~9.12%)
2026-04-11T19:36:04Z Synchronizing blockheaders, height: 28991 (~9.79%)
2026-04-11T19:36:04Z Synchronizing blockheaders, height: 30991 (~10.47%)
2026-04-11T19:36:04Z Synchronizing blockheaders, height: 32991 (~11.14%)
2026-04-11T19:36:04Z Synchronizing blockheaders, height: 34991 (~11.82%)
2026-04-11T19:36:04Z Synchronizing blockheaders, height: 36991 (~12.50%)
2026-04-11T19:36:04Z Synchronizing blockheaders, height: 38991 (~13.17%)
2026-04-11T19:36:04Z Synchronizing blockheaders, height: 40991 (~13.85%)
2026-04-11T19:36:04Z Synchronizing blockheaders, height: 42991 (~14.52%)
2026-04-11T19:36:04Z Synchronizing blockheaders, height: 44991 (~15.20%)
2026-04-11T19:36:05Z Synchronizing blockheaders, height: 46991 (~15.88%)
2026-04-11T19:36:05Z New outbound-full-relay v2 peer connected: version: 70016, blocks=299676, peer=3
2026-04-11T19:36:05Z Synchronizing blockheaders, height: 48991 (~16.55%)
2026-04-11T19:36:05Z Synchronizing blockheaders, height: 50991 (~17.23%)
2026-04-11T19:36:05Z Synchronizing blockheaders, height: 52991 (~17.90%)
2026-04-11T19:36:05Z Synchronizing blockheaders, height: 54991 (~18.58%)
2026-04-11T19:36:05Z Synchronizing blockheaders, height: 56991 (~19.25%)
2026-04-11T19:36:05Z Synchronizing blockheaders, height: 58991 (~19.93%)
2026-04-11T19:36:05Z Synchronizing blockheaders, height: 60991 (~20.61%)
2026-04-11T19:36:05Z Synchronizing blockheaders, height: 62991 (~21.28%)
2026-04-11T19:36:05Z Synchronizing blockheaders, height: 64991 (~21.96%)
2026-04-11T19:36:05Z Synchronizing blockheaders, height: 66991 (~22.64%)
2026-04-11T19:36:06Z Synchronizing blockheaders, height: 68991 (~23.31%)
2026-04-11T19:36:06Z Synchronizing blockheaders, height: 70991 (~24.00%)
2026-04-11T19:36:06Z Synchronizing blockheaders, height: 72991 (~24.66%)
2026-04-11T19:36:06Z Synchronizing blockheaders, height: 74991 (~25.34%)
2026-04-11T19:36:06Z Synchronizing blockheaders, height: 76991 (~26.01%)
2026-04-11T19:36:06Z Synchronizing blockheaders, height: 78991 (~26.69%)
2026-04-11T19:36:06Z Synchronizing blockheaders, height: 80991 (~27.37%)
2026-04-11T19:36:06Z Synchronizing blockheaders, height: 82991 (~28.05%)
2026-04-11T19:36:06Z Synchronizing blockheaders, height: 84991 (~28.73%)
2026-04-11T19:36:06Z Synchronizing blockheaders, height: 86991 (~29.40%)
2026-04-11T19:36:07Z Synchronizing blockheaders, height: 88991 (~30.07%)
2026-04-11T19:36:07Z Synchronizing blockheaders, height: 90991 (~30.74%)
2026-04-11T19:36:07Z Synchronizing blockheaders, height: 92991 (~31.42%)
2026-04-11T19:36:07Z Synchronizing blockheaders, height: 94991 (~32.10%)
2026-04-11T19:36:07Z Synchronizing blockheaders, height: 96991 (~32.77%)
2026-04-11T19:36:07Z Synchronizing blockheaders, height: 98991 (~33.45%)
2026-04-11T19:36:07Z Synchronizing blockheaders, height: 100991 (~34.13%)
2026-04-11T19:36:07Z Synchronizing blockheaders, height: 102991 (~34.81%)
2026-04-11T19:36:07Z Synchronizing blockheaders, height: 104991 (~35.48%)
2026-04-11T19:36:07Z Synchronizing blockheaders, height: 106991 (~36.15%)
2026-04-11T19:36:07Z Synchronizing blockheaders, height: 108991 (~36.83%)
2026-04-11T19:36:08Z Synchronizing blockheaders, height: 110991 (~37.50%)
2026-04-11T19:36:08Z Synchronizing blockheaders, height: 112991 (~38.17%)
2026-04-11T19:36:08Z Synchronizing blockheaders, height: 114991 (~38.85%)
2026-04-11T19:36:08Z Synchronizing blockheaders, height: 116991 (~39.52%)
2026-04-11T19:36:08Z Synchronizing blockheaders, height: 118991 (~40.19%)
2026-04-11T19:36:08Z Synchronizing blockheaders, height: 120991 (~40.87%)
2026-04-11T19:36:08Z Synchronizing blockheaders, height: 122991 (~41.55%)
2026-04-11T19:36:08Z Synchronizing blockheaders, height: 124991 (~42.22%)
2026-04-11T19:36:08Z Synchronizing blockheaders, height: 126991 (~42.89%)
2026-04-11T19:36:08Z Synchronizing blockheaders, height: 128991 (~43.57%)
2026-04-11T19:36:09Z Synchronizing blockheaders, height: 130991 (~44.26%)
2026-04-11T19:36:09Z Synchronizing blockheaders, height: 132991 (~44.94%)
2026-04-11T19:36:09Z Synchronizing blockheaders, height: 134991 (~45.61%)
2026-04-11T19:36:09Z Synchronizing blockheaders, height: 136991 (~46.28%)
2026-04-11T19:36:09Z Synchronizing blockheaders, height: 138991 (~46.96%)
2026-04-11T19:36:09Z Synchronizing blockheaders, height: 140991 (~47.63%)
2026-04-11T19:36:09Z Synchronizing blockheaders, height: 142991 (~48.31%)
2026-04-11T19:36:09Z Synchronizing blockheaders, height: 144991 (~49.00%)
2026-04-11T19:36:09Z Synchronizing blockheaders, height: 146991 (~49.67%)
2026-04-11T19:36:09Z Synchronizing blockheaders, height: 148991 (~50.34%)
2026-04-11T19:36:10Z Synchronizing blockheaders, height: 150991 (~51.01%)
2026-04-11T19:36:10Z Synchronizing blockheaders, height: 152991 (~51.68%)
2026-04-11T19:36:10Z Synchronizing blockheaders, height: 154991 (~52.38%)
2026-04-11T19:36:10Z Synchronizing blockheaders, height: 156991 (~53.04%)
2026-04-11T19:36:10Z Synchronizing blockheaders, height: 158991 (~53.71%)
2026-04-11T19:36:10Z Synchronizing blockheaders, height: 160991 (~54.39%)
2026-04-11T19:36:10Z Synchronizing blockheaders, height: 162991 (~55.07%)
2026-04-11T19:36:10Z Synchronizing blockheaders, height: 164991 (~55.75%)
2026-04-11T19:36:10Z Synchronizing blockheaders, height: 166991 (~56.43%)
2026-04-11T19:36:10Z Synchronizing blockheaders, height: 168991 (~57.10%)
2026-04-11T19:36:11Z Synchronizing blockheaders, height: 170991 (~57.79%)
2026-04-11T19:36:11Z Synchronizing blockheaders, height: 172991 (~58.46%)
2026-04-11T19:36:11Z Synchronizing blockheaders, height: 174991 (~59.13%)
2026-04-11T19:36:11Z Synchronizing blockheaders, height: 176991 (~59.80%)
2026-04-11T19:36:11Z Synchronizing blockheaders, height: 178991 (~60.47%)
2026-04-11T19:36:11Z Synchronizing blockheaders, height: 180991 (~61.16%)
2026-04-11T19:36:11Z Synchronizing blockheaders, height: 182991 (~61.83%)
2026-04-11T19:36:11Z Synchronizing blockheaders, height: 184991 (~62.50%)
2026-04-11T19:36:11Z Synchronizing blockheaders, height: 186991 (~63.19%)
2026-04-11T19:36:11Z Synchronizing blockheaders, height: 188991 (~63.85%)
2026-04-11T19:36:11Z Synchronizing blockheaders, height: 190991 (~64.52%)
2026-04-11T19:36:12Z Synchronizing blockheaders, height: 192991 (~65.21%)
2026-04-11T19:36:12Z Synchronizing blockheaders, height: 194991 (~65.90%)
2026-04-11T19:36:12Z Synchronizing blockheaders, height: 196991 (~66.56%)
2026-04-11T19:36:12Z Synchronizing blockheaders, height: 198991 (~67.25%)
2026-04-11T19:36:12Z Synchronizing blockheaders, height: 200991 (~67.92%)
2026-04-11T19:36:12Z Synchronizing blockheaders, height: 202991 (~68.60%)
2026-04-11T19:36:12Z Synchronizing blockheaders, height: 204991 (~69.27%)
2026-04-11T19:36:12Z Synchronizing blockheaders, height: 206991 (~69.94%)
2026-04-11T19:36:12Z Synchronizing blockheaders, height: 208991 (~70.62%)
2026-04-11T19:36:12Z Synchronizing blockheaders, height: 210991 (~71.32%)
2026-04-11T19:36:13Z Synchronizing blockheaders, height: 212991 (~71.98%)
2026-04-11T19:36:13Z Synchronizing blockheaders, height: 214991 (~72.65%)
2026-04-11T19:36:13Z Synchronizing blockheaders, height: 216991 (~73.34%)
2026-04-11T19:36:13Z Synchronizing blockheaders, height: 218991 (~74.02%)
2026-04-11T19:36:13Z Synchronizing blockheaders, height: 220991 (~74.69%)
2026-04-11T19:36:13Z Synchronizing blockheaders, height: 222991 (~75.36%)
2026-04-11T19:36:13Z Synchronizing blockheaders, height: 224991 (~76.02%)
2026-04-11T19:36:13Z Synchronizing blockheaders, height: 226991 (~76.71%)
2026-04-11T19:36:13Z Synchronizing blockheaders, height: 228991 (~77.39%)
2026-04-11T19:36:13Z Synchronizing blockheaders, height: 230991 (~78.05%)
2026-04-11T19:36:13Z Synchronizing blockheaders, height: 232991 (~78.69%)
2026-04-11T19:36:14Z Synchronizing blockheaders, height: 234991 (~79.39%)
2026-04-11T19:36:14Z Synchronizing blockheaders, height: 236991 (~80.08%)
2026-04-11T19:36:14Z Synchronizing blockheaders, height: 238991 (~80.76%)
2026-04-11T19:36:14Z Synchronizing blockheaders, height: 240991 (~81.42%)
2026-04-11T19:36:14Z Synchronizing blockheaders, height: 242991 (~82.10%)
2026-04-11T19:36:14Z Synchronizing blockheaders, height: 244991 (~82.78%)
2026-04-11T19:36:14Z Synchronizing blockheaders, height: 246991 (~83.01%)
2026-04-11T19:36:14Z Synchronizing blockheaders, height: 248991 (~83.13%)
2026-04-11T19:36:14Z Synchronizing blockheaders, height: 250991 (~83.61%)
2026-04-11T19:36:14Z Synchronizing blockheaders, height: 268000 (~89.43%)
2026-04-11T19:36:15Z Synchronizing blockheaders, height: 270000 (~90.08%)
2026-04-11T19:36:15Z Disabling signature validations at block #1 (00000086d6b2636cb2a392d45edc4ec544a10024d30141c9adf4bfd9de533b53).
2026-04-11T19:36:15Z UpdateTip: new best=00000086d6b2636cb2a392d45edc4ec544a10024d30141c9adf4bfd9de533b53 height=1 version=0x20000000 log2_work=23.206105 tx=2 date='2020-09-01T00:12:01Z' progress=0.000000 cache=0.3MiB(1txo)
2026-04-11T19:36:15Z UpdateTip: new best=00000032bb881de703dcc968e8258080c7ed4a2933e3a35888fa0b2f75f36029 height=2 version=0x20000000 log2_work=23.791067 tx=3 date='2020-09-01T00:12:23Z' progress=0.000000 cache=0.3MiB(2txo)
2026-04-11T19:36:15Z UpdateTip: new best=000000e8daac2a2e973ecaab46dc948181c638adecf5ae0fd5d3e13aa14364b0 height=3 version=0x20000000 log2_work=24.206105 tx=4 date='2020-09-01T00:12:55Z' progress=0.000000 cache=0.3MiB(3txo)
2026-04-11T19:36:16Z UpdateTip: new best=00000194763f1233e40afd5f6eb2e64abd2e5e158a4139198a224f8a7503d47e height=4 version=0x20000000 log2_work=24.528033 tx=5 date='2020-09-01T00:13:27Z' progress=0.000000 cache=0.3MiB(4txo)
2026-04-11T19:36:16Z UpdateTip: new best=000003776c984edd753b876f0e70d08450f92dd76a768df03d2c42d1880aea5b height=5 version=0x20000000 log2_work=24.791067 tx=6 date='2020-09-01T00:13:42Z' progress=0.000000 cache=0.3MiB(5txo)
2026-04-11T19:36:16Z UpdateTip: new best=000001b62ff822d0b1c68e231670eba2cf8d494075f9616447194b370db6f3da height=6 version=0x20000000 log2_work=25.013459 tx=7 date='2020-09-01T00:15:01Z' progress=0.000000 cache=0.3MiB(6txo)
2026-04-11T19:36:16Z UpdateTip: new best=000000b6f018c5b53240616c7868eab7e1338de4200ec25b65a5e1c2f3c57c45 height=7 version=0x20000000 log2_work=25.206105 tx=8 date='2020-09-01T00:21:46Z' progress=0.000000 cache=0.3MiB(7txo)
2026-04-11T19:36:16Z UpdateTip: new best=000002213230ed813e42076f753f666244db421b3e36a3a3ba31384feb61eba2 height=8 version=0x20000000 log2_work=25.376030 tx=9 date='2020-09-01T00:22:02Z' progress=0.000000 cache=0.3MiB(8txo)
2026-04-11T19:36:16Z UpdateTip: new best=000001e163d0a8e294c3406a713ba4363f422f1322a1d6ab6de4e54b51e868a8 height=9 version=0x20000000 log2_work=25.528033 tx=10 date='2020-09-01T00:28:04Z' progress=0.000000 cache=0.3MiB(9txo)
2026-04-11T19:36:16Z UpdateTip: new best=000001418e9af8310ef3644093dbc4a8ad9edb0c9ac80397f3479ad1729d965b height=10 version=0x20000000 log2_work=25.665536 tx=11 date='2020-09-01T00:33:45Z' progress=0.000000 cache=0.3MiB(10txo)
2026-04-11T19:36:16Z UpdateTip: new best=0000034cdfe52a76f70f137be5b44dd2d10b305d03a42229767ec5b524d81094 height=11 version=0x20000000 log2_work=25.791067 tx=12 date='2020-09-01T00:38:42Z' progress=0.000000 cache=0.3MiB(11txo)
2026-04-11T19:36:16Z UpdateTip: new best=000000375d267acf5e788946bd885735d215a98e13eb1b1dcb79403a4549f609 height=12 version=0x20000000 log2_work=25.906544 tx=13 date='2020-09-01T00:39:32Z' progress=0.000000 cache=0.3MiB(12txo)
2026-04-11T19:36:16Z UpdateTip: new best=000000aa98270ecd860f5b0f34eed287b66a24b80738eeb9b5e7a65791ffb935 height=13 version=0x20000000 log2_work=26.013459 tx=14 date='2020-09-01T00:40:34Z' progress=0.000000 cache=0.3MiB(13txo)
2026-04-11T19:36:16Z UpdateTip: new best=00000150de45736bb5158f63a94b9570540d68871eaa8fa03141d16ffb2f1086 height=14 version=0x20000000 log2_work=26.112995 tx=15 date='2020-09-01T00:42:12Z' progress=0.000000 cache=0.3MiB(14txo)
2026-04-11T19:36:16Z UpdateTip: new best=0000013aadf507653857ebf15a210e31aa7be6d02d1608602a1d4906a08cf528 height=15 version=0x20000000 log2_work=26.206105 tx=16 date='2020-09-01T00:48:14Z' progress=0.000000 cache=0.3MiB(15txo)
2026-04-11T19:36:16Z UpdateTip: new best=00000123aafba543d89278c7cdf64433bf6b53888f26fc3e9ed53214961adf56 height=16 version=0x20000000 log2_work=26.293567 tx=17 date='2020-09-01T00:50:51Z' progress=0.000000 cache=0.3MiB(16txo)
2026-04-11T19:36:16Z Synchronizing blockheaders, height: 272000 (~90.77%)
2026-04-11T19:36:16Z UpdateTip: new best=0000019b483011452c26e2bd693e04c5412c0ce03c2248386d1ce2760bfbcc51 height=17 version=0x20000000 log2_work=26.376030 tx=18 date='2020-09-01T00:52:21Z' progress=0.000000 cache=0.3MiB(17txo)
2026-04-11T19:36:16Z UpdateTip: new best=000002aba7d2d1e710950654d144076bcadc7803b604c31dd6f8d9d568f4d9fe height=18 version=0x20000000 log2_work=26.454032 tx=19 date='2020-09-01T00:53:40Z' progress=0.000000 cache=0.3MiB(18txo)
2026-04-11T19:36:16Z UpdateTip: new best=0000029d225c262af0fdc7e9e60752faca207288070348537205dc18dd736572 height=19 version=0x20000000 log2_work=26.528033 tx=20 date='2020-09-01T00:57:40Z' progress=0.000000 cache=0.3MiB(19txo)
2026-04-11T19:36:16Z UpdateTip: new best=00000298848884bb6e5418164f4e623a69d0bccc059b59aaa4cb3a5ec853663d height=20 version=0x20000000 log2_work=26.598422 tx=21 date='2020-09-01T00:58:12Z' progress=0.000001 cache=0.3MiB(20txo)
2026-04-11T19:36:16Z UpdateTip: new best=0000001988450f461eff49d0a4b183487ae47135267c596d3146211615fc97de height=21 version=0x20000000 log2_work=26.665536 tx=22 date='2020-09-01T01:02:48Z' progress=0.000001 cache=0.3MiB(21txo)
2026-04-11T19:36:16Z UpdateTip: new best=000001867300ca4898736641257ec3ec5aaf1cf93f5bf1430722db06b0954264 height=22 version=0x20000000 log2_work=26.729667 tx=23 date='2020-09-01T01:06:50Z' progress=0.000001 cache=0.3MiB(22txo)
2026-04-11T19:36:16Z UpdateTip: new best=000002330f53b0328b2f21df24d2a63ffb3af6df7276a5e6795de6aaabfb64e1 height=23 version=0x20000000 log2_work=26.791067 tx=24 date='2020-09-01T01:08:16Z' progress=0.000001 cache=0.3MiB(23txo)
2026-04-11T19:36:16Z UpdateTip: new best=00000343d84694bc2e33b8ea7341edbf2e56de377f474a62ffe08c81b44e2965 height=24 version=0x20000000 log2_work=26.849961 tx=25 date='2020-09-01T01:18:23Z' progress=0.000001 cache=0.3MiB(24txo)
2026-04-11T19:36:16Z UpdateTip: new best=000002c45c8ea9e553d4b0ee5d50324e56fc76f13019873fe707ff44fc56183f height=25 version=0x20000000 log2_work=26.906544 tx=26 date='2020-09-01T01:18:33Z' progress=0.000001 cache=0.3MiB(25txo)
2026-04-11T19:36:16Z UpdateTip: new best=0000017ef03006e69a458b598bbf1af678a6ac766576c52c462e25db2511de0e height=26 version=0x20000000 log2_work=26.960992 tx=27 date='2020-09-01T01:20:08Z' progress=0.000001 cache=0.3MiB(26txo)
2026-04-11T19:36:16Z UpdateTip: new best=00000147d3d2f8f6d09be0f41f1f2388c0f64aba90aed6510397d66d95a8666e height=27 version=0x20000000 log2_work=27.013459 tx=28 date='2020-09-01T01:32:12Z' progress=0.000001 cache=0.3MiB(27txo)
2026-04-11T19:36:16Z UpdateTip: new best=000000e38a9f7f8ae4eecd89daaf14988ebd396d7d51c188afdd45373aa0d960 height=28 version=0x20000000 log2_work=27.064086 tx=29 date='2020-09-01T01:37:39Z' progress=0.000001 cache=0.3MiB(28txo)
2026-04-11T19:36:16Z UpdateTip: new best=00000215a797b4262ba5caef84f7061759d26cd46a38e1db625a9483adc1a9fd height=29 version=0x20000000 log2_work=27.112995 tx=30 date='2020-09-01T01:43:14Z' progress=0.000001 cache=0.3MiB(29txo)
2026-04-11T19:36:16Z UpdateTip: new best=000002180a9d2a1c312fcc4ea7319ea3eebc75c96e47999cbaa3674d4ac09c64 height=30 version=0x20000000 log2_work=27.160301 tx=31 date='2020-09-01T01:44:31Z' progress=0.000001 cache=0.3MiB(30txo)
2026-04-11T19:36:16Z UpdateTip: new best=000000be8cbeb3a0d778e16afbe0c4f8755112c2bbe682bb22eb120d25d7bdcd height=31 version=0x20000000 log2_work=27.206105 tx=32 date='2020-09-01T01:46:48Z' progress=0.000001 cache=0.3MiB(31txo)
2026-04-11T19:36:16Z UpdateTip: new best=000000c9767d1f87458ea107cac649f45638f5362fe457037fdea989f185d1ab height=32 version=0x20000000 log2_work=27.250499 tx=33 date='2020-09-01T01:50:05Z' progress=0.000001 cache=0.3MiB(32txo)
2026-04-11T19:36:16Z Synchronizing blockheaders, height: 274000 (~91.43%)
2026-04-11T19:36:16Z UpdateTip: new best=000000b384625d7afd9e301ecc4b5455661cd4fccea273c04566cfd6dd4a9269 height=33 version=0x20000000 log2_work=27.293567 tx=34 date='2020-09-01T01:52:52Z' progress=0.000001 cache=0.3MiB(33txo)
2026-04-11T19:36:16Z UpdateTip: new best=00000283a441da9db3e8b74e768888e40a51e398459ba1de24be75ff76c32aa3 height=34 version=0x20000000 log2_work=27.335388 tx=35 date='2020-09-01T01:53:27Z' progress=0.000001 cache=0.3MiB(34txo)
2026-04-11T19:36:17Z UpdateTip: new best=0000024dbb86140f66728aa784738164bd0a78a6e63a07319c87f1bcf4e0ecda height=35 version=0x20000000 log2_work=27.376030 tx=36 date='2020-09-01T01:56:56Z' progress=0.000001 cache=0.3MiB(35txo)
2026-04-11T19:36:17Z UpdateTip: new best=000002779287ed1aa6dddd40437bc3dd1546a9a5d99cf3702ad968df5f854d82 height=36 version=0x20000000 log2_work=27.415558 tx=37 date='2020-09-01T01:58:30Z' progress=0.000001 cache=0.3MiB(36txo)
2026-04-11T19:36:17Z UpdateTip: new best=000001400d575e111a99d87ba66c512abfefe0b356a147a85a96988eca4957e0 height=37 version=0x20000000 log2_work=27.454032 tx=38 date='2020-09-01T02:12:32Z' progress=0.000001 cache=0.3MiB(37txo)
2026-04-11T19:36:17Z UpdateTip: new best=0000005b07e9be7c9f8656ea9fe2cd153ad960a8bfcb12660a71311aa7842663 height=38 version=0x20000000 log2_work=27.491507 tx=39 date='2020-09-01T02:14:23Z' progress=0.000001 cache=0.3MiB(38txo)
2026-04-11T19:36:17Z UpdateTip: new best=000001e54798f8d11d30db225da9507dad1b7252a9cae07a8dfec33a2aaf063a height=39 version=0x20000000 log2_work=27.528033 tx=40 date='2020-09-01T02:16:35Z' progress=0.000001 cache=0.3MiB(39txo)
2026-04-11T19:36:17Z UpdateTip: new best=0000029e8dab02288debd09feaca06c0bfaafdb93223942a554d209bc274b464 height=40 version=0x20000000 log2_work=27.563657 tx=41 date='2020-09-01T02:19:03Z' progress=0.000001 cache=0.3MiB(40txo)
2026-04-11T19:36:17Z UpdateTip: new best=000002e1bde91b39b60091afeb78b7a325b2e71e9f200dafc0b1df6fd60931ff height=41 version=0x20000000 log2_work=27.598422 tx=42 date='2020-09-01T02:19:56Z' progress=0.000001 cache=0.3MiB(41txo)
2026-04-11T19:36:17Z UpdateTip: new best=000000c18afdae160b3e40d5523b4c553daa53ee790ee4e253aeec85f606a06c height=42 version=0x20000000 log2_work=27.632369 tx=43 date='2020-09-01T02:28:30Z' progress=0.000001 cache=0.3MiB(42txo)
2026-04-11T19:36:17Z UpdateTip: new best=00000188f6c86948cf241881c16e2ce6aecfba2c6bd259d3cb592217d2080262 height=43 version=0x20000000 log2_work=27.665536 tx=44 date='2020-09-01T02:30:13Z' progress=0.000001 cache=0.3MiB(43txo)
2026-04-11T19:36:17Z UpdateTip: new best=000002b03f8253a0b0bf14e2bc92d865acb748596b647e0e4437bdfbf201bdce height=44 version=0x20000000 log2_work=27.697958 tx=45 date='2020-09-01T02:36:07Z' progress=0.000001 cache=0.3MiB(44txo)
2026-04-11T19:36:17Z UpdateTip: new best=0000008f923078538257354285fd769b5764e1c8815b3c7287ae8ec3d820859d height=45 version=0x20000000 log2_work=27.729667 tx=46 date='2020-09-01T02:36:08Z' progress=0.000001 cache=0.3MiB(45txo)
2026-04-11T19:36:17Z UpdateTip: new best=0000027de2b083901d7c01866290a7bcb7a9684b3f03fb84881f4dcd9a2b197f height=46 version=0x20000000 log2_work=27.760693 tx=47 date='2020-09-01T02:37:15Z' progress=0.000001 cache=0.3MiB(46txo)
2026-04-11T19:36:17Z UpdateTip: new best=000001eaecd5fa62ee9fd903e88bd2e69e08b0dd8c5a36bea75b5a1254acf1a1 height=47 version=0x20000000 log2_work=27.791067 tx=48 date='2020-09-01T02:52:00Z' progress=0.000001 cache=0.3MiB(47txo)
2026-04-11T19:36:17Z UpdateTip: new best=000001a7066c21cb2243704ad5e908ca09c775a11bbaa3c56901f60777af1025 height=48 version=0x20000000 log2_work=27.820814 tx=49 date='2020-09-01T02:55:01Z' progress=0.000001 cache=0.3MiB(48txo)
2026-04-11T19:36:17Z Synchronizing blockheaders, height: 276000 (~92.10%)
2026-04-11T19:36:17Z UpdateTip: new best=000000ef5c5ca78ee83c7cde6a15bce3e367460bb06a2b8f8d3638da827bc497 height=49 version=0x20000000 log2_work=27.849961 tx=50 date='2020-09-01T02:57:41Z' progress=0.000001 cache=0.3MiB(49txo)
2026-04-11T19:36:17Z UpdateTip: new best=0000007b9e2c361af32d90b904167f2154c96feb9e6e72d9393eb87f0161e3c3 height=50 version=0x20000000 log2_work=27.878530 tx=51 date='2020-09-01T03:02:33Z' progress=0.000001 cache=0.3MiB(50txo)
2026-04-11T19:36:17Z UpdateTip: new best=00000220d0c3f0236a1231a23ca57e693e9fd4865048c464e00bfd40d045cb09 height=51 version=0x20000000 log2_work=27.906544 tx=52 date='2020-09-01T03:06:10Z' progress=0.000001 cache=0.3MiB(51txo)
2026-04-11T19:36:17Z UpdateTip: new best=00000356d57eaafcc4cf26ddc1e1dc40b92148af637f1cde0c1c2544b0ce2eff height=52 version=0x20000000 log2_work=27.934025 tx=53 date='2020-09-01T03:10:25Z' progress=0.000001 cache=0.3MiB(52txo)
2026-04-11T19:36:17Z UpdateTip: new best=0000021f7e97b73acc55d3c7ba482171bf5cfae605a679885d18b89988a8c400 height=53 version=0x20000000 log2_work=27.960992 tx=54 date='2020-09-01T03:13:02Z' progress=0.000001 cache=0.3MiB(53txo)
2026-04-11T19:36:17Z UpdateTip: new best=000002cd50b511b54d078a14b530e123ad804bdc8819093cb95ee63ad70bfeea height=54 version=0x20000000 log2_work=27.987464 tx=55 date='2020-09-01T03:19:16Z' progress=0.000001 cache=0.3MiB(54txo)
2026-04-11T19:36:17Z UpdateTip: new best=0000026a279c8dd579334cfa2f74667189cde5a0ad5ff08f893694b78ebb56c8 height=55 version=0x20000000 log2_work=28.013459 tx=56 date='2020-09-01T03:21:00Z' progress=0.000001 cache=0.3MiB(55txo)
2026-04-11T19:36:17Z UpdateTip: new best=0000013b3a8dfdb0e56ec5433061c01d67be34d2dea9363202214f57cf011463 height=56 version=0x20000000 log2_work=28.038995 tx=57 date='2020-09-01T03:26:15Z' progress=0.000001 cache=0.3MiB(56txo)
2026-04-11T19:36:17Z UpdateTip: new best=000000aee10ed1e52b9a6ce81db724a7feaf7c8b492dda3f163667ce2b114423 height=57 version=0x20000000 log2_work=28.064086 tx=58 date='2020-09-01T03:30:24Z' progress=0.000001 cache=0.3MiB(57txo)
2026-04-11T19:36:17Z UpdateTip: new best=0000028a83014e8a2ccbb8d67a1af4bcd9dca1f7e275da361de970f0c5621c8a height=58 version=0x20000000 log2_work=28.088748 tx=59 date='2020-09-01T03:37:35Z' progress=0.000001 cache=0.3MiB(58txo)
2026-04-11T19:36:17Z UpdateTip: new best=000002bc9a195af3869f6259aa27566079bbee32b4d000cb8f027b692f108096 height=59 version=0x20000000 log2_work=28.112995 tx=60 date='2020-09-01T03:42:00Z' progress=0.000001 cache=0.3MiB(59txo)
2026-04-11T19:36:17Z UpdateTip: new best=0000027c0a9ed0e6eb0d1e222d6194c949ba53ea182ac6169c87a78dda43da39 height=60 version=0x20000000 log2_work=28.136842 tx=61 date='2020-09-01T03:42:14Z' progress=0.000002 cache=0.3MiB(60txo)
2026-04-11T19:36:17Z UpdateTip: new best=0000020bc7b8cab3f6046a056fb83fc45c6711b7fa75b986a73a2ec985a96ccf height=61 version=0x20000000 log2_work=28.160301 tx=62 date='2020-09-01T03:50:37Z' progress=0.000002 cache=0.3MiB(61txo)
2026-04-11T19:36:17Z UpdateTip: new best=000000f1ee2dd40b6df15708735958990ed6f9a97bf779c11721e7499dc84d09 height=62 version=0x20000000 log2_work=28.183385 tx=63 date='2020-09-01T04:01:16Z' progress=0.000002 cache=0.3MiB(62txo)
2026-04-11T19:36:17Z UpdateTip: new best=000000563304d253669947ef5cabaae42696387ed03cd3cd00fe22b4d75d4362 height=63 version=0x20000000 log2_work=28.206105 tx=64 date='2020-09-01T04:02:27Z' progress=0.000002 cache=0.3MiB(63txo)
2026-04-11T19:36:17Z UpdateTip: new best=0000009f919ac819a9467f34c1dd0411505ece2243c0856dcd524f88e9bba654 height=64 version=0x20000000 log2_work=28.228472 tx=65 date='2020-09-01T04:03:54Z' progress=0.000002 cache=0.3MiB(64txo)
2026-04-11T19:36:17Z Synchronizing blockheaders, height: 278000 (~92.77%)
2026-04-11T19:36:17Z UpdateTip: new best=0000016cedf95b22ca9e2da4a89b64bc9e5b1da556dfec7ef418a6c97d5faf2b height=65 version=0x20000000 log2_work=28.250499 tx=66 date='2020-09-01T04:05:40Z' progress=0.000002 cache=0.3MiB(65txo)
2026-04-11T19:36:17Z UpdateTip: new best=0000010d949a33a80e723e4ca7e5bf86266cf4cc09df4864e8eb547f92a5b3e1 height=66 version=0x20000000 log2_work=28.272194 tx=67 date='2020-09-01T04:09:48Z' progress=0.000002 cache=0.3MiB(66txo)
2026-04-11T19:36:17Z UpdateTip: new best=000000bd2e26b964826dce2712377b59c9ec4ca2e208619c7ec79ca43b241d5a height=67 version=0x20000000 log2_work=28.293567 tx=68 date='2020-09-01T04:13:52Z' progress=0.000002 cache=0.3MiB(67txo)
2026-04-11T19:36:17Z UpdateTip: new best=0000000ba0267d1b1275c3519aac7547f0b9ffff49a674f7c137522d0259b5de height=68 version=0x20000000 log2_work=28.314629 tx=69 date='2020-09-01T04:14:28Z' progress=0.000002 cache=0.3MiB(68txo)
2026-04-11T19:36:18Z UpdateTip: new best=00000302414da579858e3cacdf29276fa3c69bb3c079f7e2b01ea19933f4fa53 height=69 version=0x20000000 log2_work=28.335388 tx=70 date='2020-09-01T04:15:18Z' progress=0.000002 cache=0.3MiB(69txo)
2026-04-11T19:36:18Z UpdateTip: new best=000000cfe0a15c6007732c988ce3c93d6e46a15705e3ec851a79da5683d15df9 height=70 version=0x20000000 log2_work=28.355852 tx=71 date='2020-09-01T04:15:52Z' progress=0.000002 cache=0.3MiB(70txo)
2026-04-11T19:36:18Z UpdateTip: new best=00000326d2c8f0db85c91764bc2cb71b3979bd799c487123ed0e468223c85a67 height=71 version=0x20000000 log2_work=28.376030 tx=72 date='2020-09-01T04:19:48Z' progress=0.000002 cache=0.3MiB(71txo)
2026-04-11T19:36:18Z UpdateTip: new best=0000019d0187c76143974739dbff8301da96291ae9bd9c8d40ad46f72846de90 height=72 version=0x20000000 log2_work=28.395929 tx=73 date='2020-09-01T04:21:45Z' progress=0.000002 cache=0.3MiB(72txo)
2026-04-11T19:36:18Z UpdateTip: new best=00000090586199cfbce82d7f25384730fd3ef3c6b7e89dce3473e421e9633089 height=73 version=0x20000000 log2_work=28.415558 tx=74 date='2020-09-01T04:21:49Z' progress=0.000002 cache=0.3MiB(73txo)
2026-04-11T19:36:18Z UpdateTip: new best=0000030b26a9e3a3f77541f0cff8cb7800b728aa31058891fba5115575075f22 height=74 version=0x20000000 log2_work=28.434923 tx=75 date='2020-09-01T04:45:03Z' progress=0.000002 cache=0.3MiB(74txo)
2026-04-11T19:36:18Z UpdateTip: new best=0000005f8ac2902775391517cac86cec3b50c4525e739fea1842418206f98d0f height=75 version=0x20000000 log2_work=28.454032 tx=76 date='2020-09-01T04:48:49Z' progress=0.000002 cache=0.3MiB(75txo)
2026-04-11T19:36:18Z UpdateTip: new best=00000256c0c3c9956c56ae0edda861ed4403faeb2943cc668a2d6c08df9413d1 height=76 version=0x20000000 log2_work=28.472891 tx=77 date='2020-09-01T04:52:17Z' progress=0.000002 cache=0.3MiB(76txo)
2026-04-11T19:36:18Z UpdateTip: new best=000001773697249c4d1afb02e6aee2a3e91f97e5885fde5145b4922896ef0cf5 height=77 version=0x20000000 log2_work=28.491507 tx=78 date='2020-09-01T04:54:13Z' progress=0.000002 cache=0.3MiB(77txo)
2026-04-11T19:36:18Z UpdateTip: new best=000000592b1ab653a7fa21b564330ab81de1a6cc293f60a55869a4080e925633 height=78 version=0x20000000 log2_work=28.509885 tx=79 date='2020-09-01T04:54:14Z' progress=0.000002 cache=0.3MiB(78txo)
2026-04-11T19:36:18Z UpdateTip: new best=000001371d1f84eb94b6b624bb8700bca9c951ae38e93cbdf303bf18dc5e0778 height=79 version=0x20000000 log2_work=28.528033 tx=80 date='2020-09-01T04:56:17Z' progress=0.000002 cache=0.3MiB(79txo)
2026-04-11T19:36:18Z UpdateTip: new best=0000015c4b67ac454b231606ca408678939278729e0926cf23e7d2d8b6bf3407 height=80 version=0x20000000 log2_work=28.545955 tx=81 date='2020-09-01T05:04:28Z' progress=0.000002 cache=0.3MiB(80txo)
2026-04-11T19:36:18Z Synchronizing blockheaders, height: 280000 (~93.43%)
2026-04-11T19:36:18Z UpdateTip: new best=0000013c0edefad9a000a941b81fe6dabac8bf4fc65efa84b205d21912f47dd1 height=81 version=0x20000000 log2_work=28.563657 tx=82 date='2020-09-01T05:05:30Z' progress=0.000002 cache=0.3MiB(81txo)
2026-04-11T19:36:18Z UpdateTip: new best=0000032624991105737fbd724601caa980b7298292c4a57450b9ca3d5a8f929c height=82 version=0x20000000 log2_work=28.581144 tx=83 date='2020-09-01T05:07:47Z' progress=0.000002 cache=0.3MiB(82txo)
2026-04-11T19:36:18Z UpdateTip: new best=000000f93f3f0f13458b1068ebadf5f7d107241b2135f094d448abf819247d2d height=83 version=0x20000000 log2_work=28.598422 tx=84 date='2020-09-01T05:15:11Z' progress=0.000002 cache=0.3MiB(83txo)
2026-04-11T19:36:18Z UpdateTip: new best=00000015a09aef7c111f4f4ed549cf5c3bdb90c4db7ce68ae061d8b98ef0236a height=84 version=0x20000000 log2_work=28.615496 tx=85 date='2020-09-01T05:22:23Z' progress=0.000002 cache=0.3MiB(84txo)
2026-04-11T19:36:18Z UpdateTip: new best=00000212c5bbdafe2d56b8901893e251ccd97a3ce8ca5ab5c06812b6ee0ac89c height=85 version=0x20000000 log2_work=28.632369 tx=86 date='2020-09-01T05:30:55Z' progress=0.000002 cache=0.3MiB(85txo)
2026-04-11T19:36:18Z UpdateTip: new best=00000221b3f8c14813be295184dfbad38c7bf37025ac5f370a1ce9347eedb229 height=86 version=0x20000000 log2_work=28.649048 tx=87 date='2020-09-01T05:30:59Z' progress=0.000002 cache=0.3MiB(86txo)
2026-04-11T19:36:18Z UpdateTip: new best=0000025a6474c4b9dd1b2cf5b1b932e1dc64a7235b8f1f355001971ff19f3828 height=87 version=0x20000000 log2_work=28.665536 tx=88 date='2020-09-01T05:35:15Z' progress=0.000002 cache=0.3MiB(87txo)
2026-04-11T19:36:18Z UpdateTip: new best=000000aedd871f8cfd465b2ecc4fc1ac75084f78b9a30ebe3fdc3d8e91a77781 height=88 version=0x20000000 log2_work=28.681838 tx=89 date='2020-09-01T05:37:31Z' progress=0.000002 cache=0.3MiB(88txo)
2026-04-11T19:36:18Z UpdateTip: new best=0000007a4866286e7d703f40cef5a6930e9a153c3dbadf2bf3b854874922ca76 height=89 version=0x20000000 log2_work=28.697958 tx=90 date='2020-09-01T05:50:02Z' progress=0.000002 cache=0.3MiB(89txo)
2026-04-11T19:36:18Z UpdateTip: new best=0000013cdc32121500e7146cc574555aa01a71e68d1c69f44b1047b5eb676099 height=90 version=0x20000000 log2_work=28.713899 tx=91 date='2020-09-01T05:54:01Z' progress=0.000002 cache=0.3MiB(90txo)
2026-04-11T19:36:18Z UpdateTip: new best=0000029e95058490f591af9ad6b01101e6f1a7578660a43a4e36bd96c298aa78 height=91 version=0x20000000 log2_work=28.729667 tx=92 date='2020-09-01T05:54:09Z' progress=0.000002 cache=0.3MiB(91txo)
2026-04-11T19:36:18Z UpdateTip: new best=0000005dae1438fdd938a832f24ed32379b3f367e36994c26fde8d6a1baa05c3 height=92 version=0x20000000 log2_work=28.745263 tx=93 date='2020-09-01T05:59:40Z' progress=0.000002 cache=0.3MiB(92txo)
2026-04-11T19:36:18Z UpdateTip: new best=0000019a3f0a7a9373552326686bd3e5b2ce7206224a3534a24315572f031ff7 height=93 version=0x20000000 log2_work=28.760693 tx=94 date='2020-09-01T06:00:32Z' progress=0.000002 cache=0.3MiB(93txo)
2026-04-11T19:36:18Z UpdateTip: new best=00000011841ac215b431324912409df5862cf53e75d208778b066058d68cd926 height=94 version=0x20000000 log2_work=28.775960 tx=95 date='2020-09-01T06:00:45Z' progress=0.000002 cache=0.3MiB(94txo)
2026-04-11T19:36:18Z UpdateTip: new best=00000173c371376c5a9000ad73d957bcbd5ad4692dfddc63c957407f58f827c6 height=95 version=0x20000000 log2_work=28.791067 tx=96 date='2020-09-01T06:01:12Z' progress=0.000002 cache=0.3MiB(95txo)
2026-04-11T19:36:18Z UpdateTip: new best=000001c8b96c313922a600f9a1a8299f40f3074134f5794e87363262b0935699 height=96 version=0x20000000 log2_work=28.806017 tx=97 date='2020-09-01T06:07:21Z' progress=0.000002 cache=0.3MiB(96txo)
2026-04-11T19:36:18Z Synchronizing blockheaders, height: 282000 (~94.11%)
2026-04-11T19:36:18Z UpdateTip: new best=00000071a14facf0e50966b08ec2d79f495d3cffe51a9afd372694161e062144 height=97 version=0x20000000 log2_work=28.820814 tx=98 date='2020-09-01T06:09:27Z' progress=0.000002 cache=0.3MiB(97txo)
2026-04-11T19:36:18Z UpdateTip: new best=0000028e13de4383728617694d2402d7dcff9229711dc534567ce5b74091036b height=98 version=0x20000000 log2_work=28.835461 tx=99 date='2020-09-01T06:15:48Z' progress=0.000002 cache=0.3MiB(98txo)
2026-04-11T19:36:18Z UpdateTip: new best=00000283ddc3a159713d1cffdf0866433d64b930d3e7d9e353217b07f6f7dc79 height=99 version=0x20000000 log2_work=28.849961 tx=100 date='2020-09-01T06:23:18Z' progress=0.000002 cache=0.3MiB(99txo)
2026-04-11T19:36:18Z UpdateTip: new best=000002cfbc285703a0d485b4d308476e85da6876e3d6ae229dc969fa9fe02d1d height=100 version=0x20000000 log2_work=28.864316 tx=101 date='2020-09-01T06:25:12Z' progress=0.000002 cache=0.3MiB(100txo)
2026-04-11T19:36:18Z UpdateTip: new best=0000016fd99b528203933426f69da71bfcfb043b5d76ea3a219d84d5f5c85256 height=101 version=0x20000000 log2_work=28.878530 tx=102 date='2020-09-01T06:29:18Z' progress=0.000003 cache=0.3MiB(101txo)
2026-04-11T19:36:18Z UpdateTip: new best=0000007d27e2ad8a8e691f2ac5b1ecf4816aa622efde53bf1a55641bcdaac1b0 height=102 version=0x20000000 log2_work=28.892605 tx=103 date='2020-09-01T06:29:38Z' progress=0.000003 cache=0.3MiB(102txo)
2026-04-11T19:36:18Z UpdateTip: new best=00000292990f7bc6ed6cb9813df30adad6eb7f759951749ba1c732852b311650 height=103 version=0x20000000 log2_work=28.906544 tx=104 date='2020-09-01T06:32:43Z' progress=0.000003 cache=0.3MiB(103txo)
2026-04-11T19:36:18Z UpdateTip: new best=0000034635a78ad0580f011655d588c404829a0064710e6de72885cf0a459acf height=104 version=0x20000000 log2_work=28.920350 tx=105 date='2020-09-01T06:34:54Z' progress=0.000003 cache=0.3MiB(104txo)
2026-04-11T19:36:18Z UpdateTip: new best=000000bf581cadecea05bb7c269d1fd11f1140f0f45630e0f6ca94c7ca18cb29 height=105 version=0x20000000 log2_work=28.934025 tx=106 date='2020-09-01T06:41:07Z' progress=0.000003 cache=0.3MiB(105txo)
2026-04-11T19:36:18Z UpdateTip: new best=0000017a23875b879cebe36bccd30215d6a172a550b9ae978886741c6ff52afa height=106 version=0x20000000 log2_work=28.947572 tx=107 date='2020-09-01T06:46:38Z' progress=0.000003 cache=0.3MiB(106txo)
2026-04-11T19:36:18Z UpdateTip: new best=00000281c788afcd57b149df72cce9d8388024836c2f06bcf7302f6b22b28388 height=107 version=0x20000000 log2_work=28.960992 tx=108 date='2020-09-01T06:47:38Z' progress=0.000003 cache=0.3MiB(107txo)
2026-04-11T19:36:18Z UpdateTip: new best=0000015ac9557c3ed22700519bea0864096823850d7ede36639146cf37e43a15 height=108 version=0x20000000 log2_work=28.974289 tx=109 date='2020-09-01T06:49:44Z' progress=0.000003 cache=0.3MiB(108txo)
2026-04-11T19:36:18Z UpdateTip: new best=000001eed2f902429ee4700972b49d9fc0172147ebc73643c5ac8369a5a2ce43 height=109 version=0x20000000 log2_work=28.987464 tx=110 date='2020-09-01T06:50:17Z' progress=0.000003 cache=0.3MiB(109txo)
2026-04-11T19:36:18Z UpdateTip: new best=0000026eacaac74d43882aaf3e2db2fc05b00223ba1f094d631ba5a442485815 height=110 version=0x20000000 log2_work=29.000520 tx=111 date='2020-09-01T06:56:28Z' progress=0.000003 cache=0.3MiB(110txo)
2026-04-11T19:36:18Z UpdateTip: new best=0000006d7e3355260f71391b0ec35675fc02f4276d400c5a89b53002719ff124 height=111 version=0x20000000 log2_work=29.013459 tx=112 date='2020-09-01T06:58:00Z' progress=0.000003 cache=0.3MiB(111txo)
2026-04-11T19:36:19Z UpdateTip: new best=0000005d4c2064bb4d6b9241a39bb0137a9f0a6050a149f634b587c06ca50528 height=112 version=0x20000000 log2_work=29.026284 tx=113 date='2020-09-01T06:58:19Z' progress=0.000003 cache=0.3MiB(112txo)
2026-04-11T19:36:19Z Synchronizing blockheaders, height: 284000 (~94.75%)
2026-04-11T19:36:19Z UpdateTip: new best=000002a3d02ce9b14645a034c46b5dc7c45f25e1974ad08493f1785d41531a6c height=113 version=0x20000000 log2_work=29.038995 tx=114 date='2020-09-01T07:03:17Z' progress=0.000003 cache=0.3MiB(113txo)
2026-04-11T19:36:19Z UpdateTip: new best=000001d28109851de61ebb8dc736fed4204e98057c7bcf6634dab9b009ad32ba height=114 version=0x20000000 log2_work=29.051595 tx=115 date='2020-09-01T07:04:44Z' progress=0.000003 cache=0.3MiB(114txo)
2026-04-11T19:36:19Z UpdateTip: new best=000000213e8f68cb7440e7ea4776b03dd12dc9aba868fc2a05ce13a04d6b346e height=115 version=0x20000000 log2_work=29.064086 tx=116 date='2020-09-01T07:06:30Z' progress=0.000003 cache=0.3MiB(115txo)
2026-04-11T19:36:19Z UpdateTip: new best=000002b9fb87a4b4d552386fe1568a1ba63f605b22dc08fb47c0d2b8299841e2 height=116 version=0x20000000 log2_work=29.076469 tx=117 date='2020-09-01T07:11:00Z' progress=0.000003 cache=0.3MiB(116txo)
2026-04-11T19:36:19Z UpdateTip: new best=0000015360df65dacb0da029f9cfaeb86e84ebdf9f3244d3c837d75c71531d73 height=117 version=0x20000000 log2_work=29.088748 tx=118 date='2020-09-01T07:22:23Z' progress=0.000003 cache=0.3MiB(117txo)
2026-04-11T19:36:19Z UpdateTip: new best=0000008e341933bf4930cf8af2422fd87abdf91ad5b5dcd147f4f9f44a115bb4 height=118 version=0x20000000 log2_work=29.100922 tx=119 date='2020-09-01T07:22:24Z' progress=0.000003 cache=0.3MiB(118txo)
2026-04-11T19:36:19Z UpdateTip: new best=0000035f0e5513b26bba7cead874fdf06241a934e4bc4cf7a0381c60e4cdd2bb height=119 version=0x20000000 log2_work=29.112995 tx=120 date='2020-09-01T07:25:47Z' progress=0.000003 cache=0.3MiB(119txo)
2026-04-11T19:36:19Z UpdateTip: new best=0000013673a6d6169418a65dc888b51c10dd666ef0e82785515c2086476066ea height=120 version=0x20000000 log2_work=29.124968 tx=121 date='2020-09-01T07:25:48Z' progress=0.000003 cache=0.3MiB(120txo)
2026-04-11T19:36:19Z UpdateTip: new best=0000017679c0ffa086add851224cdc4b97a3d59e228f576d2d104fa5d584903a height=121 version=0x20000000 log2_work=29.136842 tx=122 date='2020-09-01T07:25:58Z' progress=0.000003 cache=0.3MiB(121txo)
2026-04-11T19:36:19Z UpdateTip: new best=000002d566fe1732f37c2cc45697c5304626d27d0770bd666bbe48cd2ad8234f height=122 version=0x20000000 log2_work=29.148619 tx=123 date='2020-09-01T07:33:21Z' progress=0.000003 cache=0.3MiB(122txo)
2026-04-11T19:36:19Z UpdateTip: new best=00000195d6f2610ff54c9baf170b740d025aef351f1ddcf7e5188ef81f63b937 height=123 version=0x20000000 log2_work=29.160301 tx=124 date='2020-09-01T07:34:47Z' progress=0.000003 cache=0.3MiB(123txo)
2026-04-11T19:36:19Z UpdateTip: new best=0000019f6a8b53087e51cce1ac48ce7db1e0e9c608d849759bbc0a30c813797d height=124 version=0x20000000 log2_work=29.171889 tx=125 date='2020-09-01T07:40:15Z' progress=0.000003 cache=0.3MiB(124txo)
2026-04-11T19:36:19Z UpdateTip: new best=00000071eb3ecbcf0677b063d10ef25747d4f76c9c2bf32b80cbcaca68c2042a height=125 version=0x20000000 log2_work=29.183385 tx=126 date='2020-09-01T07:40:21Z' progress=0.000003 cache=0.3MiB(125txo)
2026-04-11T19:36:19Z UpdateTip: new best=0000019367c521064d4e7f2db62ae490e96ad90e14015dc4b565d758a9db58b4 height=126 version=0x20000000 log2_work=29.194789 tx=127 date='2020-09-01T07:44:02Z' progress=0.000003 cache=0.3MiB(126txo)
2026-04-11T19:36:19Z UpdateTip: new best=000000daeefdca014b5bf79ce7cd9014b56bee002efeaeab6a323190c09f1de2 height=127 version=0x20000000 log2_work=29.206105 tx=128 date='2020-09-01T07:49:19Z' progress=0.000003 cache=0.3MiB(127txo)
2026-04-11T19:36:19Z UpdateTip: new best=0000018073973a2fc60fe24af48602b7bc99ab04de5a35779d70ebc8e63da05a height=128 version=0x20000000 log2_work=29.217332 tx=129 date='2020-09-01T07:51:47Z' progress=0.000003 cache=0.3MiB(128txo)
2026-04-11T19:36:19Z Synchronizing blockheaders, height: 286000 (~95.46%)
2026-04-11T19:36:19Z UpdateTip: new best=000002df993f51ba92d1cb99002ba588254a0082c739283607d82beea4ec6e99 height=129 version=0x20000000 log2_work=29.228472 tx=130 date='2020-09-01T07:53:08Z' progress=0.000003 cache=0.3MiB(129txo)
2026-04-11T19:36:19Z UpdateTip: new best=000002afa5b9e4053175e773b47144ae39c520a1a1cbf5c7da1c2f0a21d3dd48 height=130 version=0x20000000 log2_work=29.239528 tx=131 date='2020-09-01T07:55:33Z' progress=0.000003 cache=0.3MiB(130txo)
2026-04-11T19:36:19Z UpdateTip: new best=000002911e3b608c6aab59c25516f2d6e5877f95eeaf02841bfa5a18d7c40fe0 height=131 version=0x20000000 log2_work=29.250499 tx=132 date='2020-09-01T07:56:26Z' progress=0.000003 cache=0.3MiB(131txo)
2026-04-11T19:36:19Z UpdateTip: new best=00000034eb8b53cfab6f2cdd702d6739dffb026498cf18c53d64a28c72170e09 height=132 version=0x20000000 log2_work=29.261387 tx=133 date='2020-09-01T08:00:16Z' progress=0.000003 cache=0.3MiB(132txo)
2026-04-11T19:36:19Z UpdateTip: new best=000000c4ef58e950c4405a11b3eaafa0c6e7cb541e775beeca0c62d706f4b114 height=133 version=0x20000000 log2_work=29.272194 tx=134 date='2020-09-01T08:04:55Z' progress=0.000003 cache=0.3MiB(133txo)
2026-04-11T19:36:19Z UpdateTip: new best=0000002a7ce34bf0e82a64514a5100623fd82f4556cc154b27ea74e09debc8b9 height=134 version=0x20000000 log2_work=29.282920 tx=135 date='2020-09-01T08:05:51Z' progress=0.000003 cache=0.3MiB(134txo)
2026-04-11T19:36:19Z UpdateTip: new best=000001f40b81014a419f6205980e6d71a8fca351b1f3135ed701e09c4f3a60be height=135 version=0x20000000 log2_work=29.293567 tx=136 date='2020-09-01T08:06:08Z' progress=0.000003 cache=0.3MiB(135txo)
2026-04-11T19:36:19Z UpdateTip: new best=000001c3808479562311b7627dfdffa3e9740174b00deec816a29541497eca70 height=136 version=0x20000000 log2_work=29.304137 tx=137 date='2020-09-01T08:11:34Z' progress=0.000003 cache=0.3MiB(136txo)
2026-04-11T19:36:19Z UpdateTip: new best=00000160c57d0517080bd710d4e1a9150b987cbbfe3ff0811560ec383b8933d8 height=137 version=0x20000000 log2_work=29.314629 tx=138 date='2020-09-01T08:14:59Z' progress=0.000003 cache=0.3MiB(137txo)
2026-04-11T19:36:19Z UpdateTip: new best=000001be30ab2e02a4ae0980dcde520d6a313d21dbd4ce29145917ade6073b05 height=138 version=0x20000000 log2_work=29.325046 tx=139 date='2020-09-01T08:19:30Z' progress=0.000003 cache=0.3MiB(138txo)
2026-04-11T19:36:19Z UpdateTip: new best=000003739c9346856ae9a8c4d50c97fe57f31fd8e8e2dcb24f01277c4722d95a height=139 version=0x20000000 log2_work=29.335388 tx=140 date='2020-09-01T08:22:02Z' progress=0.000003 cache=0.3MiB(139txo)
2026-04-11T19:36:19Z UpdateTip: new best=000001ef8d81e4fbc5501f657a6fd15a2837eca6222658ac11d15b6843adf5cc height=140 version=0x20000000 log2_work=29.345656 tx=141 date='2020-09-01T08:43:40Z' progress=0.000003 cache=0.3MiB(140txo)
2026-04-11T19:36:19Z UpdateTip: new best=00000176c14c4015d2bcd017917d3df3d3c3c984403851d0aa15acc1cfb58456 height=141 version=0x20000000 log2_work=29.355852 tx=142 date='2020-09-01T08:50:43Z' progress=0.000004 cache=0.3MiB(141txo)
2026-04-11T19:36:19Z UpdateTip: new best=0000013c337059eb548a72768af65a4a1b88772a31daa8ddb50a830f5d654ff0 height=142 version=0x20000000 log2_work=29.365976 tx=143 date='2020-09-01T08:53:35Z' progress=0.000004 cache=0.3MiB(142txo)
2026-04-11T19:36:19Z UpdateTip: new best=0000026a2a4652f50fa765f1ca9a8ffae8b8427959943c784c43f7a4ed7a5075 height=143 version=0x20000000 log2_work=29.376030 tx=144 date='2020-09-01T09:10:29Z' progress=0.000004 cache=0.3MiB(143txo)
2026-04-11T19:36:19Z UpdateTip: new best=0000018a25eea6a84066c71d99af7a5144ac7995671032e44738e12e989da402 height=144 version=0x20000000 log2_work=29.386014 tx=145 date='2020-09-01T09:12:01Z' progress=0.000004 cache=0.3MiB(144txo)
2026-04-11T19:36:19Z Synchronizing blockheaders, height: 288000 (~96.14%)
2026-04-11T19:36:19Z UpdateTip: new best=000001d502e58193349408def6ed1f7354249ddbe67917b76a8542799d51df5b height=145 version=0x20000000 log2_work=29.395929 tx=146 date='2020-09-01T09:12:17Z' progress=0.000004 cache=0.3MiB(145txo)
2026-04-11T19:36:19Z UpdateTip: new best=00000094499a585293470d2635f079bdbc7f02af49bd47d3e7ecfea5b55cbea3 height=146 version=0x20000000 log2_work=29.405777 tx=147 date='2020-09-01T09:14:53Z' progress=0.000004 cache=0.3MiB(146txo)
2026-04-11T19:36:19Z UpdateTip: new best=0000017b46a053d8cbe6bb5d50b08572336b97b1058a6c454c884daced1a8858 height=147 version=0x20000000 log2_work=29.415558 tx=148 date='2020-09-01T09:42:42Z' progress=0.000004 cache=0.3MiB(147txo)
2026-04-11T19:36:19Z UpdateTip: new best=000001e9d6a9f6477fc6242ec97bb563127a89f072306c9a66a0324cc06b974c height=148 version=0x20000000 log2_work=29.425273 tx=149 date='2020-09-01T10:02:00Z' progress=0.000004 cache=0.3MiB(148txo)
2026-04-11T19:36:19Z UpdateTip: new best=0000005f9eef172bad9f9b731b3d799131df20e275bb914cc034396d20a6d3c1 height=149 version=0x20000000 log2_work=29.434923 tx=150 date='2020-09-01T10:28:58Z' progress=0.000004 cache=0.3MiB(149txo)
2026-04-11T19:36:19Z UpdateTip: new best=000000ae89c96c2abadafc6f43b58b5142a2ed694e651af4fd2731b347dfcf4c height=150 version=0x20000000 log2_work=29.444509 tx=151 date='2020-09-01T10:29:53Z' progress=0.000004 cache=0.3MiB(150txo)
2026-04-11T19:36:19Z UpdateTip: new best=000002f8660d6fee22eb7c9bea66879b88d9d1957f40851c19f95189c9167a5d height=151 version=0x20000000 log2_work=29.454032 tx=152 date='2020-09-01T10:40:52Z' progress=0.000004 cache=0.3MiB(151txo)
2026-04-11T19:36:19Z UpdateTip: new best=0000021e443086f267026bff23ba934e517dbeac161df036582bf1224a3c9f0c height=152 version=0x20000000 log2_work=29.463492 tx=153 date='2020-09-01T10:42:11Z' progress=0.000004 cache=0.3MiB(152txo)
2026-04-11T19:36:19Z UpdateTip: new best=000002af11fe33081ebf1df8e528856fdf3e17db5626266eb03d163770a780fc height=153 version=0x20000000 log2_work=29.472891 tx=154 date='2020-09-01T10:57:42Z' progress=0.000004 cache=0.3MiB(153txo)
2026-04-11T19:36:19Z UpdateTip: new best=00000121f0fce485910782290b36c8af4769a4347bb203d5770bbf4d2f07070e height=154 version=0x20000000 log2_work=29.482229 tx=155 date='2020-09-01T10:58:28Z' progress=0.000004 cache=0.3MiB(154txo)
2026-04-11T19:36:19Z UpdateTip: new best=00000143086ea1d9e8a0228cfd4a12c3b3f01b064417942f4929062f5ed0abea height=155 version=0x20000000 log2_work=29.491507 tx=156 date='2020-09-01T11:25:22Z' progress=0.000004 cache=0.3MiB(155txo)
2026-04-11T19:36:19Z UpdateTip: new best=0000000abbb644b02ac1aeb656a9d2117015716ae108823a5f60b69d6bf07484 height=156 version=0x20000000 log2_work=29.500725 tx=157 date='2020-09-01T11:28:52Z' progress=0.000004 cache=0.3MiB(156txo)
2026-04-11T19:36:19Z UpdateTip: new best=0000012d645585e9268edb1ced239ef15e002058ef3e6b071e18d4e57a3d6ac6 height=157 version=0x20000000 log2_work=29.509885 tx=158 date='2020-09-01T11:29:00Z' progress=0.000004 cache=0.3MiB(157txo)
2026-04-11T19:36:19Z UpdateTip: new best=000000f5e33240e64f83917b676710949e7aba95194f013b22c48bbaa4724ebf height=158 version=0x20000000 log2_work=29.518988 tx=159 date='2020-09-01T11:30:57Z' progress=0.000004 cache=0.3MiB(158txo)
2026-04-11T19:36:19Z UpdateTip: new best=000000c111042141766c9837d66fbc59b79e540e856b627ae3b747ed887f8997 height=159 version=0x20000000 log2_work=29.528033 tx=160 date='2020-09-01T11:35:11Z' progress=0.000004 cache=0.3MiB(159txo)
2026-04-11T19:36:19Z UpdateTip: new best=000001774dce7fd1401680554d391d71df2dd4cb296d7f590061b7029a116d08 height=160 version=0x20000000 log2_work=29.537021 tx=161 date='2020-09-01T11:36:20Z' progress=0.000004 cache=0.3MiB(160txo)
2026-04-11T19:36:19Z Synchronizing blockheaders, height: 290000 (~96.79%)
2026-04-11T19:36:19Z UpdateTip: new best=00000248ddbfdc83174eb4f621c447b8c27bba7d5c648e872d064b54627cd117 height=161 version=0x20000000 log2_work=29.545955 tx=162 date='2020-09-01T11:36:45Z' progress=0.000004 cache=0.3MiB(161txo)
2026-04-11T19:36:19Z UpdateTip: new best=00000265e93f33b9f179c4852af645cb1cfb35821131eafb3b7da7087a5956bb height=162 version=0x20000000 log2_work=29.554833 tx=163 date='2020-09-01T11:37:30Z' progress=0.000004 cache=0.3MiB(162txo)
2026-04-11T19:36:19Z UpdateTip: new best=000001e69bbcb195433a168910586e5ab7002cf0a2d4f67f0e4f7dc22003efe2 height=163 version=0x20000000 log2_work=29.563657 tx=164 date='2020-09-01T11:42:33Z' progress=0.000004 cache=0.3MiB(163txo)
2026-04-11T19:36:19Z UpdateTip: new best=000001758ade3556e899f77856d5b2e14162bf04ff6ebcc1b1a1acaf4c198129 height=164 version=0x20000000 log2_work=29.572427 tx=165 date='2020-09-01T11:43:47Z' progress=0.000004 cache=0.3MiB(164txo)
2026-04-11T19:36:19Z UpdateTip: new best=000002adcb3927df6ff00c8a741b6644ffe400066b058d5876d0551157358dd0 height=165 version=0x20000000 log2_work=29.581144 tx=166 date='2020-09-01T11:49:33Z' progress=0.000004 cache=0.3MiB(165txo)
2026-04-11T19:36:19Z UpdateTip: new best=000000db9225670ab192237ab29936151db06fff11ca24bb45bfac36ab52286e height=166 version=0x20000000 log2_work=29.589809 tx=167 date='2020-09-01T11:51:08Z' progress=0.000004 cache=0.3MiB(166txo)
2026-04-11T19:36:20Z UpdateTip: new best=000001225e46fd91fdad1f0380c90400424acf3a94d3f59f1af64920066dae0c height=167 version=0x20000000 log2_work=29.598422 tx=168 date='2020-09-01T12:10:45Z' progress=0.000004 cache=0.3MiB(167txo)
2026-04-11T19:36:20Z UpdateTip: new best=0000008cd5614fcb9afeadf328bd13df0466e33964a9bb2fd6dd47fc254791db height=168 version=0x20000000 log2_work=29.606984 tx=169 date='2020-09-01T12:30:04Z' progress=0.000004 cache=0.3MiB(168txo)
2026-04-11T19:36:20Z UpdateTip: new best=0000023a67b712805b00b162b5b467754608522dc9c698016f65ff1f87c398aa height=169 version=0x20000000 log2_work=29.615496 tx=170 date='2020-09-01T12:30:10Z' progress=0.000004 cache=0.3MiB(169txo)
2026-04-11T19:36:20Z UpdateTip: new best=0000020bedb07200543fbf033a138ab2f19d0e0c76349dc282bdc1f620ef90f6 height=170 version=0x20000000 log2_work=29.623957 tx=171 date='2020-09-01T12:30:20Z' progress=0.000004 cache=0.3MiB(170txo)
2026-04-11T19:36:20Z UpdateTip: new best=0000011cb49ef431eb97287964901e9b694438e7a707fad443e4ad22a57ede40 height=171 version=0x20000000 log2_work=29.632369 tx=172 date='2020-09-01T12:33:39Z' progress=0.000004 cache=0.3MiB(171txo)
2026-04-11T19:36:20Z UpdateTip: new best=000002168e237c00acc27d45026913a3fb5038f69eea3b52c9b065cb20f2ed05 height=172 version=0x20000000 log2_work=29.640733 tx=173 date='2020-09-01T12:39:55Z' progress=0.000004 cache=0.3MiB(172txo)
2026-04-11T19:36:20Z UpdateTip: new best=0000019bce1fbdfb889eaeac70453777f830a2b3bc4db9dc47d1355ef04e42b3 height=173 version=0x20000000 log2_work=29.649048 tx=174 date='2020-09-01T12:40:16Z' progress=0.000004 cache=0.3MiB(173txo)
2026-04-11T19:36:20Z UpdateTip: new best=0000027d2d7becb12e0dc4b12241754ad7c64cb0b1495469543e61b4340c68a9 height=174 version=0x20000000 log2_work=29.657316 tx=175 date='2020-09-01T12:46:48Z' progress=0.000004 cache=0.3MiB(174txo)
2026-04-11T19:36:20Z UpdateTip: new best=00000099536a57b43bba80098d8251beef01d70bfda26bd7611e827c50eb8a2f height=175 version=0x20000000 log2_work=29.665536 tx=176 date='2020-09-01T12:54:26Z' progress=0.000004 cache=0.3MiB(175txo)
2026-04-11T19:36:20Z UpdateTip: new best=000000de63b6ab4771a15847971e496460bfbed6442f14b2bf1f128767cd2b2c height=176 version=0x20000000 log2_work=29.673710 tx=177 date='2020-09-01T12:54:34Z' progress=0.000004 cache=0.3MiB(176txo)
2026-04-11T19:36:20Z Synchronizing blockheaders, height: 292000 (~97.45%)
2026-04-11T19:36:20Z UpdateTip: new best=000003361dd7583a64a5f17d83c57557acfc42cfe8b0a67fb8d675aef43d8beb height=177 version=0x20000000 log2_work=29.681838 tx=178 date='2020-09-01T12:55:20Z' progress=0.000004 cache=0.3MiB(177txo)
2026-04-11T19:36:20Z UpdateTip: new best=000000f72e43aedbc5d8e1c907aef9348f92fd8dd914088fed25210be4a0b8ca height=178 version=0x20000000 log2_work=29.689920 tx=179 date='2020-09-01T12:59:08Z' progress=0.000004 cache=0.3MiB(178txo)
2026-04-11T19:36:20Z UpdateTip: new best=000001ac2b51c1c01f42e518c48bd079943de2262251c326c3524ba7d3406c4a height=179 version=0x20000000 log2_work=29.697958 tx=180 date='2020-09-01T13:08:21Z' progress=0.000004 cache=0.3MiB(179txo)
2026-04-11T19:36:20Z UpdateTip: new best=000003136573994f397687672570018e3f677d02cfcbb56334f25b0d4fe97864 height=180 version=0x20000000 log2_work=29.705950 tx=181 date='2020-09-01T13:08:39Z' progress=0.000004 cache=0.3MiB(180txo)
2026-04-11T19:36:20Z UpdateTip: new best=000003286e2935c983d38e90c0bb64fb1c6ea703b19924183b98327e83628d0f height=181 version=0x20000000 log2_work=29.713899 tx=182 date='2020-09-01T13:14:41Z' progress=0.000004 cache=0.3MiB(181txo)
2026-04-11T19:36:20Z UpdateTip: new best=0000024b8eb6923df81ff86332c291db74a52f8e04e4160cbb638de8f2530663 height=182 version=0x20000000 log2_work=29.721804 tx=183 date='2020-09-01T13:14:43Z' progress=0.000005 cache=0.3MiB(182txo)
2026-04-11T19:36:20Z UpdateTip: new best=000003581fd095489bde9aa71c2248f08213209b5d953fe1781b0b083e2e1582 height=183 version=0x20000000 log2_work=29.729667 tx=184 date='2020-09-01T13:15:33Z' progress=0.000005 cache=0.3MiB(183txo)
2026-04-11T19:36:20Z UpdateTip: new best=000002e08216582c726b143b9a271c94d455f285d1a0606c5b6fafe082b15291 height=184 version=0x20000000 log2_work=29.737486 tx=185 date='2020-09-01T13:23:05Z' progress=0.000005 cache=0.3MiB(184txo)
2026-04-11T19:36:20Z UpdateTip: new best=0000022604dc8ca3fd76f97bafc3bc414ffb0b587d85c99ae25849f65bf00218 height=185 version=0x20000000 log2_work=29.745263 tx=186 date='2020-09-01T13:23:15Z' progress=0.000005 cache=0.3MiB(185txo)
2026-04-11T19:36:20Z UpdateTip: new best=0000027ff95a793b25d8dd8747f84512ae5b8d53e4ca76b477da312578c8650d height=186 version=0x20000000 log2_work=29.752999 tx=187 date='2020-09-01T13:28:26Z' progress=0.000005 cache=0.3MiB(186txo)
2026-04-11T19:36:20Z UpdateTip: new best=00000098139122d1d76246f193304504c1de205d06a7e08f806552072dd9853e height=187 version=0x20000000 log2_work=29.760693 tx=188 date='2020-09-01T13:30:23Z' progress=0.000005 cache=0.3MiB(187txo)
2026-04-11T19:36:20Z UpdateTip: new best=000000706fa9a50d2a623e2525b5c62f51ae8a7eef041b52055ac96cc67a46bd height=188 version=0x20000000 log2_work=29.768347 tx=189 date='2020-09-01T13:32:59Z' progress=0.000005 cache=0.3MiB(188txo)
2026-04-11T19:36:20Z UpdateTip: new best=00000130594aa42e55b9bd372a3c64a4bb80979fc81107b8e77d04c02def01a6 height=189 version=0x20000000 log2_work=29.775960 tx=190 date='2020-09-01T13:33:54Z' progress=0.000005 cache=0.3MiB(189txo)
2026-04-11T19:36:20Z UpdateTip: new best=000000514bbcffe58ca237705b419d2ca8320bb749d96576278bba6ba5abb636 height=190 version=0x20000000 log2_work=29.783533 tx=191 date='2020-09-01T13:36:48Z' progress=0.000005 cache=0.3MiB(190txo)
2026-04-11T19:36:20Z UpdateTip: new best=00000172527cf344e91513305ee688be93f78d3d269fbe345d402fcc025d274e height=191 version=0x20000000 log2_work=29.791067 tx=192 date='2020-09-01T13:36:52Z' progress=0.000005 cache=0.3MiB(191txo)
2026-04-11T19:36:20Z UpdateTip: new best=000002eb48a7bd25adb8c6d44e7f2aacc1dfd1e0c9e0ee82999d61a7cb67b9a3 height=192 version=0x20000000 log2_work=29.798562 tx=193 date='2020-09-01T13:36:53Z' progress=0.000005 cache=0.3MiB(192txo)
2026-04-11T19:36:20Z Synchronizing blockheaders, height: 294000 (~98.12%)
2026-04-11T19:36:20Z UpdateTip: new best=000000232188027e3ec70cf47f307be181dd46225e2a5b3baf79d13784a6b83c height=193 version=0x20000000 log2_work=29.806017 tx=194 date='2020-09-01T13:39:19Z' progress=0.000005 cache=0.3MiB(193txo)
2026-04-11T19:36:20Z UpdateTip: new best=0000030ad62682ce905f066e1cf982248fbeb3834db30099663a9bcfc2983f0a height=194 version=0x20000000 log2_work=29.813435 tx=195 date='2020-09-01T13:40:15Z' progress=0.000005 cache=0.3MiB(194txo)
2026-04-11T19:36:20Z UpdateTip: new best=0000016cfb70cea4f218f6c2bd2f5d5796480e3d3672fe7b47fb5c6c3cb00d72 height=195 version=0x20000000 log2_work=29.820814 tx=196 date='2020-09-01T13:40:44Z' progress=0.000005 cache=0.3MiB(195txo)
2026-04-11T19:36:20Z UpdateTip: new best=000002868c8a5da9b56a8d9c449de5dce273c3d6149cacd147600885807c9ee5 height=196 version=0x20000000 log2_work=29.828156 tx=197 date='2020-09-01T13:43:37Z' progress=0.000005 cache=0.3MiB(196txo)
2026-04-11T19:36:20Z UpdateTip: new best=0000007b7127f001a0eae9b611d6ce3cbe1eb6b28ca25d899c6e1b715fc7fb96 height=197 version=0x20000000 log2_work=29.835461 tx=198 date='2020-09-01T13:44:40Z' progress=0.000005 cache=0.3MiB(197txo)
2026-04-11T19:36:20Z UpdateTip: new best=000001c03704561f4e23e50ce04ab674e3fa23ce0944ffdfd4e673c78529ba74 height=198 version=0x20000000 log2_work=29.842729 tx=199 date='2020-09-01T13:51:23Z' progress=0.000005 cache=0.3MiB(198txo)
2026-04-11T19:36:20Z UpdateTip: new best=0000022a8743154d73e911e2b4db105daa2ea91cd842e240e19311a15715cfde height=199 version=0x20000000 log2_work=29.849961 tx=200 date='2020-09-01T13:51:27Z' progress=0.000005 cache=0.3MiB(199txo)
2026-04-11T19:36:20Z UpdateTip: new best=000001d7005ee1fb81865b301a18be642588d24316883ed646e0f370526221cb height=200 version=0x20000000 log2_work=29.857156 tx=201 date='2020-09-01T13:52:59Z' progress=0.000005 cache=0.3MiB(200txo)
2026-04-11T19:36:20Z UpdateTip: new best=0000009ff23bb6bc291d55f18864597e8e4995f43468d040477d7b02b63c9945 height=201 version=0x20000000 log2_work=29.864316 tx=202 date='2020-09-01T13:55:29Z' progress=0.000005 cache=0.3MiB(201txo)
2026-04-11T19:36:20Z UpdateTip: new best=000002b9e30a7e355dc7150d4b89fafa2a861959910d38857c77f50f0888cda6 height=202 version=0x20000000 log2_work=29.871440 tx=203 date='2020-09-01T13:57:39Z' progress=0.000005 cache=0.3MiB(202txo)
2026-04-11T19:36:20Z UpdateTip: new best=000003179cc9ba175ab826595737779ed37db48024edfe19b70d3af782aef0ba height=203 version=0x20000000 log2_work=29.878530 tx=204 date='2020-09-01T14:00:42Z' progress=0.000005 cache=0.3MiB(203txo)
2026-04-11T19:36:20Z UpdateTip: new best=00000115605f4a91940cbe5dd9bc7c2464dee8587423e9fb7a4d808ef1a9927d height=204 version=0x20000000 log2_work=29.885585 tx=205 date='2020-09-01T14:05:53Z' progress=0.000005 cache=0.3MiB(204txo)
2026-04-11T19:36:20Z UpdateTip: new best=00000265b3c67684203ef4bcc451f3f81b8cca0ce8fd0e55e330ce77a78e257f height=205 version=0x20000000 log2_work=29.892605 tx=206 date='2020-09-01T14:08:14Z' progress=0.000005 cache=0.3MiB(205txo)
2026-04-11T19:36:20Z UpdateTip: new best=00000228c037b28792d3b665f759b81763fbd95a6ee5c5d635125ad6329c5675 height=206 version=0x20000000 log2_work=29.899592 tx=207 date='2020-09-01T14:08:45Z' progress=0.000005 cache=0.3MiB(206txo)
2026-04-11T19:36:20Z UpdateTip: new best=000002338f2a637ef660b7333d0354168a324e4dc8a07cbe226f9bdb64f7eb2d height=207 version=0x20000000 log2_work=29.906544 tx=208 date='2020-09-01T14:09:00Z' progress=0.000005 cache=0.3MiB(207txo)
2026-04-11T19:36:20Z UpdateTip: new best=000002866f10b6403aa5d9659ae797e3e3fa44f2c1019bad2440a4ce4d7cb883 height=208 version=0x20000000 log2_work=29.913464 tx=209 date='2020-09-01T14:14:16Z' progress=0.000005 cache=0.3MiB(208txo)
2026-04-11T19:36:20Z Synchronizing blockheaders, height: 296000 (~98.79%)
2026-04-11T19:36:20Z UpdateTip: new best=000002ce967bb8abb8c9c23eb014a1a6d746770c4c83a7c070cff9f0e10473d7 height=209 version=0x20000000 log2_work=29.920350 tx=210 date='2020-09-01T14:20:54Z' progress=0.000005 cache=0.3MiB(209txo)
2026-04-11T19:36:20Z UpdateTip: new best=000000864607579bf1ef6f3641be9be2e1deeb730ee9ce9e7514d1bb9185bfec height=210 version=0x20000000 log2_work=29.927204 tx=211 date='2020-09-01T14:24:05Z' progress=0.000005 cache=0.3MiB(210txo)
2026-04-11T19:36:20Z UpdateTip: new best=000001fde751231c9facadacea22fe340b541753109bd75a06371625c378f405 height=211 version=0x20000000 log2_work=29.934025 tx=212 date='2020-09-01T14:27:47Z' progress=0.000005 cache=0.3MiB(211txo)
2026-04-11T19:36:20Z UpdateTip: new best=000003423822de282aba6c54cf909566544450e978e17536487f82b13ede748c height=212 version=0x20000000 log2_work=29.940814 tx=213 date='2020-09-01T14:32:32Z' progress=0.000005 cache=0.3MiB(212txo)
2026-04-11T19:36:20Z UpdateTip: new best=000002b8bbed20dc3f0f77b147d9927d0fc0062dad1c637c0cb2c5026bf28d78 height=213 version=0x20000000 log2_work=29.947572 tx=214 date='2020-09-01T14:34:51Z' progress=0.000005 cache=0.3MiB(213txo)
2026-04-11T19:36:20Z UpdateTip: new best=000002c360daf2b0642d85c388e69e02ebd9b48105e4e7a7299ba7209041618c height=214 version=0x20000000 log2_work=29.954297 tx=215 date='2020-09-01T14:35:42Z' progress=0.000005 cache=0.3MiB(214txo)
2026-04-11T19:36:20Z UpdateTip: new best=0000028c52932c110ab1026ee70a14270dc409a07ad110176a969225de7449e4 height=215 version=0x20000000 log2_work=29.960992 tx=216 date='2020-09-01T14:41:07Z' progress=0.000005 cache=0.3MiB(215txo)
2026-04-11T19:36:20Z UpdateTip: new best=000001f27fb81f51b1a489dcce91522e29939ad25571bfe700fb1ebddfe77990 height=216 version=0x20000000 log2_work=29.967656 tx=217 date='2020-09-01T14:42:17Z' progress=0.000005 cache=0.3MiB(216txo)
2026-04-11T19:36:20Z UpdateTip: new best=0000035a544fad66dc63eee54f74676c2df73f244bed3f524b05356f97f842a1 height=217 version=0x20000000 log2_work=29.974289 tx=218 date='2020-09-01T14:48:06Z' progress=0.000005 cache=0.3MiB(217txo)
2026-04-11T19:36:20Z UpdateTip: new best=000002b894c6b4423e4f5080543a25b588bf2f74f6b0e9c6258d7ea4d97a5a82 height=218 version=0x20000000 log2_work=29.980892 tx=219 date='2020-09-01T14:53:22Z' progress=0.000005 cache=0.3MiB(218txo)
2026-04-11T19:36:21Z UpdateTip: new best=000001ffcdd424a5547ab180bcd389836c221ffd1910d5fd71d77353e8544525 height=219 version=0x20000000 log2_work=29.987464 tx=220 date='2020-09-01T14:53:31Z' progress=0.000005 cache=0.3MiB(219txo)
2026-04-11T19:36:21Z UpdateTip: new best=000002164325146caa25505d0581f0af56e07621686781279b5eba08ff1add9e height=220 version=0x20000000 log2_work=29.994007 tx=221 date='2020-09-01T14:54:46Z' progress=0.000005 cache=0.3MiB(220txo)
2026-04-11T19:36:21Z UpdateTip: new best=000002daf5ff2043689c04ce8187ee06e67b8b98a06a57d834f4aa1a26b493e4 height=221 version=0x20000000 log2_work=30.000520 tx=222 date='2020-09-01T15:05:01Z' progress=0.000005 cache=0.3MiB(221txo)
2026-04-11T19:36:21Z UpdateTip: new best=00000325b5e387439dd568950293b413be9b6a46a79639cb16c2848ccdfd4932 height=222 version=0x20000000 log2_work=30.007004 tx=223 date='2020-09-01T15:07:36Z' progress=0.000006 cache=0.3MiB(222txo)
2026-04-11T19:36:21Z UpdateTip: new best=0000020294a2a71782f2b66a530c1a6bc52ba2973e4abc5a3d20eb8ed75bcaf5 height=223 version=0x20000000 log2_work=30.013459 tx=224 date='2020-09-01T15:09:30Z' progress=0.000006 cache=0.3MiB(223txo)
2026-04-11T19:36:21Z UpdateTip: new best=000001a12d96de86075c6cfad6363025cdcbd4b9dfda386494d4fba14a383cac height=224 version=0x20000000 log2_work=30.019886 tx=225 date='2020-09-01T15:19:47Z' progress=0.000006 cache=0.3MiB(224txo)
2026-04-11T19:36:21Z Synchronizing blockheaders, height: 298000 (~99.47%)
2026-04-11T19:36:21Z UpdateTip: new best=0000032ec7f049813385753fa69e41b6333179029283f589ad2a7eac78e729d0 height=225 version=0x20000000 log2_work=30.026284 tx=226 date='2020-09-01T15:19:58Z' progress=0.000006 cache=0.3MiB(225txo)
2026-04-11T19:36:21Z UpdateTip: new best=000002e6666460524903a1ac584946ed94f284fca827db06a43b1dd6cd9a3962 height=226 version=0x20000000 log2_work=30.032653 tx=227 date='2020-09-01T15:23:44Z' progress=0.000006 cache=0.3MiB(226txo)
2026-04-11T19:36:21Z UpdateTip: new best=000000f9fb62ceb8213009cb5aa3a668cf262ff55d3398b1e0ae803be247e7f8 height=227 version=0x20000000 log2_work=30.038995 tx=228 date='2020-09-01T15:26:04Z' progress=0.000006 cache=0.3MiB(227txo)
2026-04-11T19:36:21Z UpdateTip: new best=000000e8b01895b53905dd30a8ab6e8bfee682280eacc5c9957135d1c194e34f height=228 version=0x20000000 log2_work=30.045308 tx=229 date='2020-09-01T15:27:32Z' progress=0.000006 cache=0.3MiB(228txo)
2026-04-11T19:36:21Z UpdateTip: new best=000000bd3f63c6ecf650457eb97ea9ba1141f70ca7cf0b89a65a32986520dd73 height=229 version=0x20000000 log2_work=30.051595 tx=230 date='2020-09-01T15:28:49Z' progress=0.000006 cache=0.3MiB(229txo)
2026-04-11T19:36:21Z UpdateTip: new best=000001bba39077ff536ccc0d239fd1ff03541fade3d959ea5f239f7f5ae5cb10 height=230 version=0x20000000 log2_work=30.057854 tx=231 date='2020-09-01T15:29:01Z' progress=0.000006 cache=0.3MiB(230txo)
2026-04-11T19:36:21Z UpdateTip: new best=000002412c28c4d226f4d4be8a4f1ec239c7dd63cabdd7029958458108c64ef5 height=231 version=0x20000000 log2_work=30.064086 tx=232 date='2020-09-01T15:30:04Z' progress=0.000006 cache=0.3MiB(231txo)
2026-04-11T19:36:21Z UpdateTip: new best=00000153f8474e7bb317a128ed2a9e241cfaba0db1eb13b3f421b5a374eab0eb height=232 version=0x20000000 log2_work=30.070291 tx=233 date='2020-09-01T15:40:04Z' progress=0.000006 cache=0.3MiB(232txo)
2026-04-11T19:36:21Z UpdateTip: new best=000001377876f4527e375bbc78038c845ca8efa5008b95bfb165a19f9dd0162c height=233 version=0x20000000 log2_work=30.076469 tx=234 date='2020-09-01T15:41:40Z' progress=0.000006 cache=0.3MiB(233txo)
2026-04-11T19:36:21Z UpdateTip: new best=00000236b123cbde5f8ce870fa31adbf2398ce1e71f290a7c1aecf249beaad41 height=234 version=0x20000000 log2_work=30.082622 tx=235 date='2020-09-01T15:43:14Z' progress=0.000006 cache=0.3MiB(234txo)
2026-04-11T19:36:21Z UpdateTip: new best=000001633eccb8c1d513019d2f1f495ce3ddd7f0112e6dd4a13214bb645d435a height=235 version=0x20000000 log2_work=30.088748 tx=236 date='2020-09-01T15:45:23Z' progress=0.000006 cache=0.3MiB(235txo)
2026-04-11T19:36:21Z UpdateTip: new best=000000e2ff6f6f7bcac63729b6c643904d0cc57b9b60874e3995cf8539301617 height=236 version=0x20000000 log2_work=30.094848 tx=237 date='2020-09-01T15:55:35Z' progress=0.000006 cache=0.3MiB(236txo)
2026-04-11T19:36:21Z UpdateTip: new best=000000688b4ef0eba7d050525924e6204b72b85fc0ca408867b71c268c8772a5 height=237 version=0x20000000 log2_work=30.100922 tx=238 date='2020-09-01T16:00:36Z' progress=0.000006 cache=0.3MiB(237txo)
2026-04-11T19:36:21Z UpdateTip: new best=000000815a59a2a8788d998dead36fab85be2197c74a611f1c59397bf5c13aaa height=238 version=0x20000000 log2_work=30.106971 tx=239 date='2020-09-01T16:03:22Z' progress=0.000006 cache=0.3MiB(238txo)
2026-04-11T19:36:21Z UpdateTip: new best=000000db2fde1bf662232990ecc5b101d1546c7983f4169554b92d6d022c4a21 height=239 version=0x20000000 log2_work=30.112995 tx=240 date='2020-09-01T16:03:26Z' progress=0.000006 cache=0.3MiB(239txo)
2026-04-11T19:36:21Z UpdateTip: new best=000002433485e5e1f9e9d271da9b561406ba597b4335dc649d11b141751c927e height=240 version=0x20000000 log2_work=30.118994 tx=241 date='2020-09-01T16:03:35Z' progress=0.000006 cache=0.3MiB(240txo)
2026-04-11T19:36:21Z Synchronizing blockheaders, height: 299676 (~100.00%)
2026-04-11T19:36:21Z UpdateTip: new best=000001b70c8da2f89041a7c165a9669386a448d7b88c899ee275c386ce972ac3 height=241 version=0x20000000 log2_work=30.124968 tx=242 date='2020-09-01T16:03:54Z' progress=0.000006 cache=0.3MiB(241txo)
2026-04-11T19:36:21Z UpdateTip: new best=0000025ea302d06988922edc3f7a1b61be7c824678f8003085803251157e1371 height=242 version=0x20000000 log2_work=30.130917 tx=243 date='2020-09-01T16:14:10Z' progress=0.000006 cache=0.3MiB(242txo)
2026-04-11T19:36:21Z UpdateTip: new best=00000170d2ef9ea2b515fb589c3799252e6370ff21c4018cd4033244f6e0615c height=243 version=0x20000000 log2_work=30.136842 tx=244 date='2020-09-01T16:15:44Z' progress=0.000006 cache=0.3MiB(243txo)
2026-04-11T19:36:21Z UpdateTip: new best=000002b7991886c71a2ece9071b69e32638aa316154f6377bde47695961b3596 height=244 version=0x20000000 log2_work=30.142743 tx=245 date='2020-09-01T16:19:12Z' progress=0.000006 cache=0.3MiB(244txo)
2026-04-11T19:36:21Z UpdateTip: new best=00000143f298ce14545ded896a3140e292c95212f1e7f1e6eb812981f029e61e height=245 version=0x20000000 log2_work=30.148619 tx=246 date='2020-09-01T16:21:08Z' progress=0.000006 cache=0.3MiB(245txo)
2026-04-11T19:36:21Z UpdateTip: new best=000000ac440136a2c9425e7c4cab9795893b52c4b5d5db81331b0ec4f46345a6 height=246 version=0x20000000 log2_work=30.154472 tx=247 date='2020-09-01T16:25:14Z' progress=0.000006 cache=0.3MiB(246txo)
2026-04-11T19:36:21Z UpdateTip: new best=000001ddfbcd4deba57339fe948c8a59e934dd25ecbb0bb06160ce438d41bec6 height=247 version=0x20000000 log2_work=30.160301 tx=248 date='2020-09-01T16:25:15Z' progress=0.000006 cache=0.3MiB(247txo)
2026-04-11T19:36:21Z UpdateTip: new best=00000364b5d31d436265f7ff943719740988f07a1d94baae5c69cce1c1e9b1d9 height=248 version=0x20000000 log2_work=30.166107 tx=249 date='2020-09-01T16:29:29Z' progress=0.000006 cache=0.3MiB(248txo)
2026-04-11T19:36:21Z UpdateTip: new best=0000014631e02a0b73ee4bfe6b9017fc54edb9fe53986314e8830ae69b29be66 height=249 version=0x20000000 log2_work=30.171889 tx=250 date='2020-09-01T16:30:37Z' progress=0.000006 cache=0.3MiB(249txo)
2026-04-11T19:36:21Z UpdateTip: new best=0000024df67e127682f3cd7fee700250dbb419da61d283b1eb3e32ef8baf7b9d height=250 version=0x20000000 log2_work=30.177648 tx=251 date='2020-09-01T16:31:01Z' progress=0.000006 cache=0.3MiB(250txo)
2026-04-11T19:36:21Z UpdateTip: new best=0000035ba33d1406013caef53648a9d1345c47014078d5a51d5d1edde79c5e97 height=251 version=0x20000000 log2_work=30.183385 tx=252 date='2020-09-01T16:39:42Z' progress=0.000006 cache=0.3MiB(251txo)
2026-04-11T19:36:21Z UpdateTip: new best=000000cfa0d23d8d455207a14121e5cc1c7a3034f6db49ea7002df40e61766fc height=252 version=0x20000000 log2_work=30.189098 tx=253 date='2020-09-01T16:41:33Z' progress=0.000006 cache=0.3MiB(252txo)
2026-04-11T19:36:21Z UpdateTip: new best=000002e8657f4a5738e4fc3cd1b62a088298318af863a193220494b54f2b3908 height=253 version=0x20000000 log2_work=30.194789 tx=254 date='2020-09-01T16:52:41Z' progress=0.000006 cache=0.3MiB(253txo)
2026-04-11T19:36:21Z UpdateTip: new best=0000000a7d704124b18ef7a6dce669c1de5ba9c601b4110a4b969d51e0f5e0fe height=254 version=0x20000000 log2_work=30.200458 tx=255 date='2020-09-01T16:58:48Z' progress=0.000006 cache=0.3MiB(254txo)
2026-04-11T19:36:21Z UpdateTip: new best=00000236680cc6c8cbcfd767f51c18ab3024d2c4fbe78036c3b6ab1f7c65c02d height=255 version=0x20000000 log2_work=30.206105 tx=256 date='2020-09-01T17:08:40Z' progress=0.000006 cache=0.3MiB(255txo)
2026-04-11T19:36:21Z UpdateTip: new best=00000211458365d6fbbdc42744877ddf4efd65fa782bebea3a6dfc8a23d7faf1 height=256 version=0x20000000 log2_work=30.211729 tx=257 date='2020-09-01T17:27:20Z' progress=0.000006 cache=0.3MiB(256txo)
2026-04-11T19:36:21Z UpdateTip: new best=000000dc40ffff1b8726219751c1ee28e686e203afc599f0a1e27e676a10c12f height=257 version=0x20000000 log2_work=30.217332 tx=258 date='2020-09-01T17:28:33Z' progress=0.000006 cache=0.3MiB(257txo)
2026-04-11T19:36:21Z UpdateTip: new best=000002fd37cf529d7396c598b3d348479a8a999ede416fb3ad7c204567548930 height=258 version=0x20000000 log2_work=30.222913 tx=259 date='2020-09-01T17:29:13Z' progress=0.000006 cache=0.3MiB(258txo)
2026-04-11T19:36:21Z UpdateTip: new best=00000192c2b9954ee298c398c6ea5c31acf3224bc8694ac20e086b62537939ca height=259 version=0x20000000 log2_work=30.228472 tx=260 date='2020-09-01T17:30:37Z' progress=0.000006 cache=0.3MiB(259txo)
2026-04-11T19:36:21Z UpdateTip: new best=00000196288f3c18be518e2994e94b9510cc237313a3462f52259b75f6374dd7 height=260 version=0x20000000 log2_work=30.234011 tx=261 date='2020-09-01T17:32:44Z' progress=0.000006 cache=0.3MiB(260txo)
2026-04-11T19:36:21Z UpdateTip: new best=000000f33fd7d87ef7e3276c9a10c0b941ba91a97db095232eccfe225254a460 height=261 version=0x20000000 log2_work=30.239528 tx=262 date='2020-09-01T17:36:42Z' progress=0.000006 cache=0.3MiB(261txo)
2026-04-11T19:36:21Z UpdateTip: new best=000002edb5d7bafff28dc2d574427514da5d1746c5a259c711bfa5680d8e6f73 height=262 version=0x20000000 log2_work=30.245024 tx=263 date='2020-09-01T17:37:41Z' progress=0.000006 cache=0.3MiB(262txo)
2026-04-11T19:36:21Z UpdateTip: new best=000002d9188aeaede8ee21da130eb10291450449b464c8c577a89c0ce011b289 height=263 version=0x20000000 log2_work=30.250499 tx=264 date='2020-09-01T17:40:53Z' progress=0.000007 cache=0.3MiB(263txo)
2026-04-11T19:36:21Z UpdateTip: new best=0000031dfff8dffb5472a35106911f380412bf646484c2507e2b51eddd3523bf height=264 version=0x20000000 log2_work=30.255953 tx=265 date='2020-09-01T17:42:45Z' progress=0.000007 cache=0.3MiB(264txo)
2026-04-11T19:36:21Z UpdateTip: new best=000001f08e315f0541451355b04495d44eb1a0946b13fc14d63b583ee8157d9a height=265 version=0x20000000 log2_work=30.261387 tx=266 date='2020-09-01T17:43:02Z' progress=0.000007 cache=0.3MiB(265txo)
2026-04-11T19:36:21Z UpdateTip: new best=000000f953e01bd3665dfed5e662eff923b3dd5c7fffface088f83cbe4a3e632 height=266 version=0x20000000 log2_work=30.266801 tx=267 date='2020-09-01T17:44:17Z' progress=0.000007 cache=0.3MiB(266txo)
2026-04-11T19:36:22Z UpdateTip: new best=0000008ce7c5dbbab6f3d3ff780c118d9dbe40ca85d95a0be689ef576e18026f height=267 version=0x20000000 log2_work=30.272194 tx=268 date='2020-09-01T17:44:50Z' progress=0.000007 cache=0.3MiB(267txo)
2026-04-11T19:36:22Z UpdateTip: new best=000000d0a9d15fa25dc517cbec9132e92ff33da3661aa6cb7e0498e3d419bfcf height=268 version=0x20000000 log2_work=30.277567 tx=269 date='2020-09-01T17:47:35Z' progress=0.000007 cache=0.3MiB(268txo)
2026-04-11T19:36:22Z UpdateTip: new best=0000025745f034189cc688ae4d3d0ec72145888018b3260dc9fb45ae7a207de2 height=269 version=0x20000000 log2_work=30.282920 tx=270 date='2020-09-01T17:49:13Z' progress=0.000007 cache=0.3MiB(269txo)
2026-04-11T19:36:22Z UpdateTip: new best=00000086e1a2e479c7542937326ba4d226b8ad947d9693d880f84550e88165a6 height=270 version=0x20000000 log2_work=30.288254 tx=271 date='2020-09-01T17:54:49Z' progress=0.000007 cache=0.3MiB(270txo)
2026-04-11T19:36:22Z UpdateTip: new best=000002e234e2ab1afdd7664ae07b38c18e1163193d8ff0d8330cb4d35c836a53 height=271 version=0x20000000 log2_work=30.293567 tx=272 date='2020-09-01T17:57:07Z' progress=0.000007 cache=0.3MiB(271txo)
2026-04-11T19:36:22Z UpdateTip: new best=000002dbe916673c3dacc7739304e6aac7098964f6ce48828e829493bbc860ca height=272 version=0x20000000 log2_work=30.298862 tx=273 date='2020-09-01T18:12:53Z' progress=0.000007 cache=0.3MiB(272txo)
2026-04-11T19:36:22Z UpdateTip: new best=000001d58deafb88473463e4c11ea9dbdf7b37ab26856a9c0d81c15bb81a9d41 height=273 version=0x20000000 log2_work=30.304137 tx=274 date='2020-09-01T18:18:00Z' progress=0.000007 cache=0.3MiB(273txo)
2026-04-11T19:36:22Z UpdateTip: new best=0000002daec1b47abd39700ad353ecb042658240fea9ceab92ae4d88606376ba height=274 version=0x20000000 log2_work=30.309392 tx=275 date='2020-09-01T18:20:13Z' progress=0.000007 cache=0.3MiB(274txo)
2026-04-11T19:36:22Z UpdateTip: new best=00000120398d0beb3f784b1ec7a13d77cd96f7c15c180f18131570cac118e9c6 height=275 version=0x20000000 log2_work=30.314629 tx=276 date='2020-09-01T18:30:33Z' progress=0.000007 cache=0.3MiB(275txo)
2026-04-11T19:36:22Z UpdateTip: new best=0000007f6b0bca29a96356192737837aacb114650ecf0f36279e6846f87db551 height=276 version=0x20000000 log2_work=30.319847 tx=277 date='2020-09-01T18:32:38Z' progress=0.000007 cache=0.3MiB(276txo)
2026-04-11T19:36:22Z UpdateTip: new best=0000004e2bceed881661e5241699dd22f05b4edce46eb78cabc51988c27218b1 height=277 version=0x20000000 log2_work=30.325046 tx=278 date='2020-09-01T18:34:05Z' progress=0.000007 cache=0.3MiB(277txo)
2026-04-11T19:36:22Z UpdateTip: new best=0000007dd874c98e761cc49d153dac449f984d81681585bdf69668e8ccadda22 height=278 version=0x20000000 log2_work=30.330226 tx=279 date='2020-09-01T18:35:06Z' progress=0.000007 cache=0.3MiB(278txo)
2026-04-11T19:36:22Z UpdateTip: new best=00000131727aba9b1d926a97e8327bca268af2418dfb5bae2eec882a94a92fd7 height=279 version=0x20000000 log2_work=30.335388 tx=280 date='2020-09-01T18:39:44Z' progress=0.000007 cache=0.3MiB(279txo)
2026-04-11T19:36:22Z UpdateTip: new best=000000123ba917218e75682cc06af1555df5e060c33780ea581e3c30a63196cc height=280 version=0x20000000 log2_work=30.340531 tx=281 date='2020-09-01T18:44:47Z' progress=0.000007 cache=0.3MiB(280txo)
2026-04-11T19:36:22Z UpdateTip: new best=000001eb6d53ff1e23c585d00a3a3ca39e0836ca9604cd62ac1f4d0e18114563 height=281 version=0x20000000 log2_work=30.345656 tx=282 date='2020-09-01T18:46:40Z' progress=0.000007 cache=0.3MiB(281txo)
2026-04-11T19:36:22Z UpdateTip: new best=000002751c6223c6773ca9e56fd730d616e823479455b1ef114760a82ff53a1a height=282 version=0x20000000 log2_work=30.350763 tx=283 date='2020-09-01T18:48:58Z' progress=0.000007 cache=0.3MiB(282txo)
2026-04-11T19:36:22Z UpdateTip: new best=0000036523d6429211cd47c52d47a6917269a976951bc9d37acb962d659c5216 height=283 version=0x20000000 log2_work=30.355852 tx=284 date='2020-09-01T18:49:17Z' progress=0.000007 cache=0.3MiB(283txo)
2026-04-11T19:36:22Z UpdateTip: new best=000002a07b132ea2eca90ffb7c8852ed9326f1c7280ed74845c1199a2d6916be height=284 version=0x20000000 log2_work=30.360923 tx=285 date='2020-09-01T18:59:52Z' progress=0.000007 cache=0.3MiB(284txo)
2026-04-11T19:36:22Z UpdateTip: new best=000001eaca41649f702201bd48ffdb123b11e63efc8bd86aa7d2c4f3a96703f6 height=285 version=0x20000000 log2_work=30.365976 tx=286 date='2020-09-01T19:05:52Z' progress=0.000007 cache=0.3MiB(285txo)
2026-04-11T19:36:22Z UpdateTip: new best=0000008fcd34c48bd0621420cd6dd8c959c3fdfc3eb8fe10d4cf5010262a8da7 height=286 version=0x20000000 log2_work=30.371012 tx=287 date='2020-09-01T19:08:55Z' progress=0.000007 cache=0.3MiB(286txo)
2026-04-11T19:36:22Z UpdateTip: new best=000002cf0317445c9ad2005c1482c5f12c3081f08c250621e8cb7141c57ee4bb height=287 version=0x20000000 log2_work=30.376030 tx=288 date='2020-09-01T19:18:44Z' progress=0.000007 cache=0.3MiB(287txo)
2026-04-11T19:36:22Z UpdateTip: new best=00000088016ecafd3a19073ca465d3de6a8c996ac6e19cc30468fc305488ef74 height=288 version=0x20000000 log2_work=30.381030 tx=289 date='2020-09-01T19:19:18Z' progress=0.000007 cache=0.3MiB(288txo)
2026-04-11T19:36:22Z UpdateTip: new best=0000033e1b763617879c383b8d0241fed8e2a84ec8103aafb77fdc06d000c60c height=289 version=0x20000000 log2_work=30.386014 tx=290 date='2020-09-01T19:26:16Z' progress=0.000007 cache=0.3MiB(289txo)
2026-04-11T19:36:22Z UpdateTip: new best=00000355daab6fd7acb754f45e7a87edb42b2185048965ab2f878a4678b5face height=290 version=0x20000000 log2_work=30.390980 tx=291 date='2020-09-01T19:27:28Z' progress=0.000007 cache=0.3MiB(290txo)
2026-04-11T19:36:22Z UpdateTip: new best=000001939b9bfe88670a68c26315a8884e8ae0f8a13c80a66d0c0002e360a344 height=291 version=0x20000000 log2_work=30.395929 tx=292 date='2020-09-01T19:36:58Z' progress=0.000007 cache=0.3MiB(291txo)
2026-04-11T19:36:22Z UpdateTip: new best=0000003f18c20f50358f20fdfad7f14cb4000d920dbc8a30640243436512d3ea height=292 version=0x20000000 log2_work=30.400861 tx=293 date='2020-09-01T19:38:29Z' progress=0.000007 cache=0.3MiB(292txo)
2026-04-11T19:36:22Z UpdateTip: new best=0000004453363cc694f30b80e2198a79b06f241d2c72a3719cdd9f88a279c953 height=293 version=0x20000000 log2_work=30.405777 tx=294 date='2020-09-01T19:41:27Z' progress=0.000007 cache=0.3MiB(293txo)
2026-04-11T19:36:22Z UpdateTip: new best=000000ff776c4003f9ab7aa91dc720c1ca0efd7b5aa922851d87b6939b9988de height=294 version=0x20000000 log2_work=30.410676 tx=295 date='2020-09-01T19:43:10Z' progress=0.000007 cache=0.3MiB(294txo)
2026-04-11T19:36:22Z UpdateTip: new best=00000088513b41b9e2bc16c66859c1d0035eddfb647288100dd18c948e6609d6 height=295 version=0x20000000 log2_work=30.415558 tx=296 date='2020-09-01T19:47:15Z' progress=0.000007 cache=0.3MiB(295txo)
2026-04-11T19:36:22Z UpdateTip: new best=00000034589dfa3bfb15f9b46a38b999f43383a9c48934bbb03ac6902d8a3341 height=296 version=0x20000000 log2_work=30.420424 tx=297 date='2020-09-01T19:59:40Z' progress=0.000007 cache=0.3MiB(296txo)
2026-04-11T19:36:22Z UpdateTip: new best=0000020eb2c0c6e11b107db9d045ba595b691f24abc96cdf30784c25311b5f97 height=297 version=0x20000000 log2_work=30.425273 tx=298 date='2020-09-01T20:01:56Z' progress=0.000007 cache=0.3MiB(297txo)
2026-04-11T19:36:22Z UpdateTip: new best=000003037a0fb4d660f0777dffef28c44cfba5b6eafb062c8e5a0466c7cd8a7e height=298 version=0x20000000 log2_work=30.430106 tx=299 date='2020-09-01T20:03:04Z' progress=0.000007 cache=0.3MiB(298txo)
2026-04-11T19:36:22Z UpdateTip: new best=00000005cf481d9d24da7e5f689fc0b00002ac55ae2d2b1b7a909573cb736099 height=299 version=0x20000000 log2_work=30.434923 tx=300 date='2020-09-01T20:12:08Z' progress=0.000007 cache=0.3MiB(299txo)
2026-04-11T19:36:22Z UpdateTip: new best=00000101eae97443c16c490d06c80fb0e652f34b7cc79042b34b5a614c6b6d38 height=300 version=0x20000000 log2_work=30.439724 tx=301 date='2020-09-01T20:13:31Z' progress=0.000007 cache=0.3MiB(300txo)
2026-04-11T19:36:22Z UpdateTip: new best=000002f704ed67b5625dd2edc395cc5c136dc42858d8d7a25df35cf0a811833a height=301 version=0x20000000 log2_work=30.444509 tx=302 date='2020-09-01T20:18:15Z' progress=0.000007 cache=0.3MiB(301txo)
2026-04-11T19:36:22Z UpdateTip: new best=0000014616dfd9db4086d12b147c7b5a3adb51522c579f9e099135a8fadc48d0 height=302 version=0x20000000 log2_work=30.449279 tx=303 date='2020-09-01T20:18:32Z' progress=0.000007 cache=0.3MiB(302txo)
2026-04-11T19:36:22Z UpdateTip: new best=00000099404a65aaed6f4f985080f2c117e4f35985ee62cf500bd550fb6e0c85 height=303 version=0x20000000 log2_work=30.454032 tx=304 date='2020-09-01T20:18:52Z' progress=0.000008 cache=0.3MiB(303txo)
2026-04-11T19:36:22Z UpdateTip: new best=000002aaf57099abb1c4f9989aeab1741e64341084ef16c4fb509f538486e6a4 height=304 version=0x20000000 log2_work=30.458770 tx=305 date='2020-09-01T20:21:31Z' progress=0.000008 cache=0.3MiB(304txo)
2026-04-11T19:36:22Z UpdateTip: new best=000001d8a63cf6093b12c4027ba2047b3545d9c728cee072e66869c17b0b20c1 height=305 version=0x20000000 log2_work=30.463492 tx=306 date='2020-09-01T20:33:25Z' progress=0.000008 cache=0.3MiB(305txo)
2026-04-11T19:36:22Z UpdateTip: new best=000000aafbceaed5fae367efa264f9bb409b0b7d883dc7b04e6ae0b022fe76e2 height=306 version=0x20000000 log2_work=30.468199 tx=307 date='2020-09-01T20:36:33Z' progress=0.000008 cache=0.3MiB(306txo)
2026-04-11T19:36:22Z UpdateTip: new best=0000021d373a4ab64ea959efbbd07f9df0e29cd485de973bf20d235bdfa01a28 height=307 version=0x20000000 log2_work=30.472891 tx=308 date='2020-09-01T20:39:27Z' progress=0.000008 cache=0.3MiB(307txo)
2026-04-11T19:36:23Z UpdateTip: new best=000001779525f395b3d512ac149e6802138b900709de863a186fff93d53d6160 height=308 version=0x20000000 log2_work=30.477568 tx=309 date='2020-09-01T20:40:32Z' progress=0.000008 cache=0.3MiB(308txo)
2026-04-11T19:36:23Z UpdateTip: new best=000001d56a944da40004b9d67758e037e3ca0cc1443411f70a2abcd517b803ae height=309 version=0x20000000 log2_work=30.482229 tx=310 date='2020-09-01T20:42:56Z' progress=0.000008 cache=0.3MiB(309txo)
2026-04-11T19:36:23Z UpdateTip: new best=000000a857bb9f013bbcef0d1db5793cecca4fc6b1ce71bfa5c2fdf66b10dd6a height=310 version=0x20000000 log2_work=30.486875 tx=311 date='2020-09-01T20:45:30Z' progress=0.000008 cache=0.3MiB(310txo)
2026-04-11T19:36:23Z UpdateTip: new best=00000146e91f3d59cd6b9244b7267dceb47979d46ba36684761247701b529382 height=311 version=0x20000000 log2_work=30.491507 tx=312 date='2020-09-01T20:47:24Z' progress=0.000008 cache=0.3MiB(311txo)
2026-04-11T19:36:23Z UpdateTip: new best=000000eb567b7208afe6aa44c9f388fc654b9ccf07cca06aff95376378476888 height=312 version=0x20000000 log2_work=30.496123 tx=313 date='2020-09-01T20:49:08Z' progress=0.000008 cache=0.3MiB(312txo)
2026-04-11T19:36:23Z UpdateTip: new best=000002fb72bbb59a6dff5f89b9b84eba8f8f60a894a35b442445e31b642c3498 height=313 version=0x20000000 log2_work=30.500725 tx=314 date='2020-09-01T20:51:39Z' progress=0.000008 cache=0.3MiB(313txo)
2026-04-11T19:36:23Z UpdateTip: new best=0000023923528760b3d0324e00545df0a11e9015a8297cd28e1fd24447a6f97c height=314 version=0x20000000 log2_work=30.505313 tx=315 date='2020-09-01T20:54:56Z' progress=0.000008 cache=0.3MiB(314txo)
2026-04-11T19:36:23Z UpdateTip: new best=000001214dd0f84ce0ef9728a8184f0efea182e27c29d8768eb027e9723e9c9e height=315 version=0x20000000 log2_work=30.509885 tx=316 date='2020-09-01T20:55:49Z' progress=0.000008 cache=0.3MiB(315txo)
2026-04-11T19:36:23Z UpdateTip: new best=0000002694f076b1cafbe85cf3bea5b2c8d4040341227cfbcee7ec83c38a03a7 height=316 version=0x20000000 log2_work=30.514444 tx=317 date='2020-09-01T21:00:41Z' progress=0.000008 cache=0.3MiB(316txo)
2026-04-11T19:36:23Z UpdateTip: new best=000002a0b76c4fbff16291a640e055569eb76a070bfaa0fb5b42c919d13787c1 height=317 version=0x20000000 log2_work=30.518988 tx=318 date='2020-09-01T21:07:40Z' progress=0.000008 cache=0.3MiB(317txo)
2026-04-11T19:36:23Z UpdateTip: new best=000001c94dac464ee3cbf3d30f0a734f80478998127e27e37d157bb1d7ed116c height=318 version=0x20000000 log2_work=30.523517 tx=319 date='2020-09-01T21:08:55Z' progress=0.000008 cache=0.3MiB(318txo)
2026-04-11T19:36:23Z UpdateTip: new best=000001632d274b87b24084286d864732920f5563c6d745c3b3d37cedfaaf1daa height=319 version=0x20000000 log2_work=30.528033 tx=320 date='2020-09-01T21:12:40Z' progress=0.000008 cache=0.3MiB(319txo)
2026-04-11T19:36:23Z UpdateTip: new best=0000010c0218475067fa3a5754148ef525830016145a8b45f2399b8f892880ec height=320 version=0x20000000 log2_work=30.532534 tx=321 date='2020-09-01T21:12:41Z' progress=0.000008 cache=0.3MiB(320txo)
2026-04-11T19:36:23Z UpdateTip: new best=000002eb6c19a9c302d272ff54f5abe7e580d760c13aefd9282eeeee0f864c6c height=321 version=0x20000000 log2_work=30.537021 tx=322 date='2020-09-01T21:14:16Z' progress=0.000008 cache=0.3MiB(321txo)
2026-04-11T19:36:23Z UpdateTip: new best=000001cc43b058b1a7ed96f962ca55e195cbdbbdda37d054c9d98366e7c80444 height=322 version=0x20000000 log2_work=30.541495 tx=323 date='2020-09-01T21:23:46Z' progress=0.000008 cache=0.3MiB(322txo)
2026-04-11T19:36:23Z UpdateTip: new best=0000012259ec645f1a1c4e087e17622f4c68b3b27f3c865e01625564d9796451 height=323 version=0x20000000 log2_work=30.545955 tx=324 date='2020-09-01T21:26:58Z' progress=0.000008 cache=0.3MiB(323txo)
2026-04-11T19:36:23Z UpdateTip: new best=000002cf79f9bd193b2b78fd4fb6b55feed99a34175595dbc3827d8bec4c691b height=324 version=0x20000000 log2_work=30.550400 tx=325 date='2020-09-01T21:33:35Z' progress=0.000008 cache=0.3MiB(324txo)
2026-04-11T19:36:23Z UpdateTip: new best=000002e29a3106acb0d0535a8cea09ac0a34db8790f97d2ffdc02f6d1a84462d height=325 version=0x20000000 log2_work=30.554833 tx=326 date='2020-09-01T21:41:45Z' progress=0.000008 cache=0.3MiB(325txo)
2026-04-11T19:36:23Z UpdateTip: new best=0000027d829ac14afeefc505fd502d150d3f537ff8cad5ceaf1a1e3713f5a887 height=326 version=0x20000000 log2_work=30.559251 tx=327 date='2020-09-01T21:47:28Z' progress=0.000008 cache=0.3MiB(326txo)
2026-04-11T19:36:23Z UpdateTip: new best=0000024397f84c0cec010b3a05c14cf8bef7b1dd7b8e1498ef924f7979674b9e height=327 version=0x20000000 log2_work=30.563657 tx=328 date='2020-09-01T21:47:44Z' progress=0.000008 cache=0.3MiB(327txo)
2026-04-11T19:36:23Z UpdateTip: new best=0000001583507f238046f0b02f4d8d1ba5c0bcba8999cc302241471eb1b4c39a height=328 version=0x20000000 log2_work=30.568048 tx=329 date='2020-09-01T21:49:58Z' progress=0.000008 cache=0.3MiB(328txo)
2026-04-11T19:36:23Z UpdateTip: new best=000000b80f51ee757c6740f163fd4d9ca035d75b602e2566a0cd7f899bab4895 height=329 version=0x20000000 log2_work=30.572427 tx=330 date='2020-09-01T21:50:06Z' progress=0.000008 cache=0.3MiB(329txo)
2026-04-11T19:36:23Z UpdateTip: new best=000001f14f150031cb95d98a7fcf52a430b7babe53d42a8e3f4b0625c8c00445 height=330 version=0x20000000 log2_work=30.576792 tx=331 date='2020-09-01T21:52:21Z' progress=0.000008 cache=0.3MiB(330txo)
2026-04-11T19:36:23Z UpdateTip: new best=00000223d16e04d8e5fb1e34913e80c9725cc04d66854f2b174570ffc1daf62e height=331 version=0x20000000 log2_work=30.581144 tx=332 date='2020-09-01T21:53:48Z' progress=0.000008 cache=0.3MiB(331txo)
2026-04-11T19:36:23Z UpdateTip: new best=000002454e519624d5db91ce9ffd7e38d26f53cd3927ef9c7e730dd322ab74f7 height=332 version=0x20000000 log2_work=30.585483 tx=333 date='2020-09-01T21:54:53Z' progress=0.000008 cache=0.3MiB(332txo)
2026-04-11T19:36:23Z UpdateTip: new best=0000025f65ef51ecf7e797ae96c556e4433dcbe550dab5e69eefefb58f944a27 height=333 version=0x20000000 log2_work=30.589809 tx=334 date='2020-09-01T21:57:02Z' progress=0.000008 cache=0.3MiB(333txo)
2026-04-11T19:36:23Z UpdateTip: new best=000002dfcffa72ee688e11f9d4b1bcd75aa9a6e7d7531e43fd2bbf99b075eeeb height=334 version=0x20000000 log2_work=30.594122 tx=335 date='2020-09-01T22:00:23Z' progress=0.000008 cache=0.3MiB(334txo)
2026-04-11T19:36:23Z UpdateTip: new best=0000008af0ec8e3f803e2708099aeec46ffd532813003adb7485747438733e32 height=335 version=0x20000000 log2_work=30.598422 tx=336 date='2020-09-01T22:11:04Z' progress=0.000008 cache=0.3MiB(335txo)
2026-04-11T19:36:23Z UpdateTip: new best=000002eb32afacf412f8b70a6663b8cea1dbed252f44d0757100fccc1d6130b3 height=336 version=0x20000000 log2_work=30.602709 tx=337 date='2020-09-01T22:14:48Z' progress=0.000008 cache=0.3MiB(336txo)
2026-04-11T19:36:23Z UpdateTip: new best=00000375e487daaccb301582e6d6e2c3331595f83e29ef7bbacd00750c6514b0 height=337 version=0x20000000 log2_work=30.606984 tx=338 date='2020-09-01T22:16:51Z' progress=0.000008 cache=0.3MiB(337txo)
2026-04-11T19:36:23Z UpdateTip: new best=0000012e6240fc8e3c1246fbdeed96e9d0f77bbf8a6b3ba98fe919899b331900 height=338 version=0x20000000 log2_work=30.611246 tx=339 date='2020-09-01T22:18:51Z' progress=0.000008 cache=0.3MiB(338txo)
2026-04-11T19:36:23Z UpdateTip: new best=0000010ed6136f3a82d0e494cca99866e3b5080ea58163374d2989939d03d0ce height=339 version=0x20000000 log2_work=30.615496 tx=340 date='2020-09-01T22:27:22Z' progress=0.000008 cache=0.3MiB(339txo)
2026-04-11T19:36:23Z UpdateTip: new best=00000087229411741d487a9a500b5c1f0b34574bb3ba7fd44e47f7c11c2336c3 height=340 version=0x20000000 log2_work=30.619733 tx=341 date='2020-09-01T22:27:54Z' progress=0.000008 cache=0.3MiB(340txo)
2026-04-11T19:36:23Z UpdateTip: new best=000003381c52a6db392380558c6f0d10619b24d3c945dcec4bddf5c1d725715a height=341 version=0x20000000 log2_work=30.623957 tx=342 date='2020-09-01T22:32:20Z' progress=0.000008 cache=0.3MiB(341txo)
2026-04-11T19:36:23Z UpdateTip: new best=0000028943e3304848b0bf14673ec49b3fa529f197a6635d519bbf99c6d41eac height=342 version=0x20000000 log2_work=30.628169 tx=343 date='2020-09-01T22:34:10Z' progress=0.000008 cache=0.3MiB(342txo)
2026-04-11T19:36:23Z UpdateTip: new best=00000115d9083438fdd40d571b57bd700530e02a952f38915c1a599c6a6b2280 height=343 version=0x20000000 log2_work=30.632369 tx=344 date='2020-09-01T22:35:21Z' progress=0.000008 cache=0.3MiB(343txo)
2026-04-11T19:36:23Z UpdateTip: new best=0000028fd300f99f73a06333364279e19147a72ff3bc170d4c99bd9828ca456e height=344 version=0x20000000 log2_work=30.636557 tx=345 date='2020-09-01T22:35:29Z' progress=0.000009 cache=0.3MiB(344txo)
2026-04-11T19:36:23Z UpdateTip: new best=000001ab803b19b4e534c3e7fd4d95e216e72cc2d5ceeec89a7483610c28804e height=345 version=0x20000000 log2_work=30.640733 tx=346 date='2020-09-01T22:39:22Z' progress=0.000009 cache=0.3MiB(345txo)
2026-04-11T19:36:23Z UpdateTip: new best=000002d1d54217de764f2a3f00fc3da4c0b8dff5b6317cef6aa6e88a81e9f032 height=346 version=0x20000000 log2_work=30.644896 tx=347 date='2020-09-01T22:40:38Z' progress=0.000009 cache=0.3MiB(346txo)
2026-04-11T19:36:24Z UpdateTip: new best=00000197355efed8cb81195956b479c187cbcbbc323b4e5decef13d19823ca85 height=347 version=0x20000000 log2_work=30.649048 tx=348 date='2020-09-01T22:52:02Z' progress=0.000009 cache=0.3MiB(347txo)
2026-04-11T19:36:24Z UpdateTip: new best=00000145b5e5176f106c69ca9b652e4ab6e001c91ae413f070a59b35e3fa7be5 height=348 version=0x20000000 log2_work=30.653188 tx=349 date='2020-09-01T22:52:51Z' progress=0.000009 cache=0.3MiB(348txo)
2026-04-11T19:36:24Z UpdateTip: new best=00000227d1c2fc4a39000a7d8fce47cbc3c0285394bfb2bf1c818f09d60f3338 height=349 version=0x20000000 log2_work=30.657316 tx=350 date='2020-09-01T22:55:33Z' progress=0.000009 cache=0.3MiB(349txo)
2026-04-11T19:36:24Z UpdateTip: new best=000002dcde3cf6c73ca12a68c42ca77aca3793ec0617d40fae9a713500e481b0 height=350 version=0x20000000 log2_work=30.661432 tx=351 date='2020-09-01T22:56:14Z' progress=0.000009 cache=0.3MiB(350txo)
2026-04-11T19:36:24Z UpdateTip: new best=000003764e07052474f916ea1dcaee2653dbd875609dcafd79a4d8f26c2544b6 height=351 version=0x20000000 log2_work=30.665536 tx=352 date='2020-09-01T23:02:15Z' progress=0.000009 cache=0.3MiB(351txo)
2026-04-11T19:36:24Z UpdateTip: new best=000002398ac71ddbf8f0f895eb1f5d1a5d15ac9989d8914acb30e6236a122896 height=352 version=0x20000000 log2_work=30.669629 tx=353 date='2020-09-01T23:04:03Z' progress=0.000009 cache=0.3MiB(352txo)
2026-04-11T19:36:24Z UpdateTip: new best=0000008f1c0c992812457a9812570438270090d1f62c8dde3d367b9fc6ddc04c height=353 version=0x20000000 log2_work=30.673710 tx=354 date='2020-09-01T23:05:00Z' progress=0.000009 cache=0.3MiB(353txo)
2026-04-11T19:36:24Z UpdateTip: new best=0000023880e9b1f62d321bc60cef3e184f527c84b37105f0c42d14c3585788c5 height=354 version=0x20000000 log2_work=30.677780 tx=355 date='2020-09-01T23:08:33Z' progress=0.000009 cache=0.3MiB(354txo)
2026-04-11T19:36:24Z UpdateTip: new best=00000112c83b71557a8637f229e7bf5894d10cb14cc576c9f4c06a47b4c37528 height=355 version=0x20000000 log2_work=30.681838 tx=356 date='2020-09-01T23:18:02Z' progress=0.000009 cache=0.3MiB(355txo)
2026-04-11T19:36:24Z UpdateTip: new best=0000013153da6fdf983efde025b1b3a7481ab1a723014921464a56e5bffa3145 height=356 version=0x20000000 log2_work=30.685885 tx=357 date='2020-09-01T23:20:59Z' progress=0.000009 cache=0.3MiB(356txo)
2026-04-11T19:36:24Z UpdateTip: new best=0000034d3e0aa51f156a54b473727952da5d8a4ad17734eae8fb26bf9144f9a8 height=357 version=0x20000000 log2_work=30.689920 tx=358 date='2020-09-01T23:24:52Z' progress=0.000009 cache=0.3MiB(357txo)
2026-04-11T19:36:24Z UpdateTip: new best=00000369ab3790b4263d2368f8544ac24bc93716c827a8d761f365e480134ba4 height=358 version=0x20000000 log2_work=30.693945 tx=359 date='2020-09-01T23:28:47Z' progress=0.000009 cache=0.3MiB(358txo)
2026-04-11T19:36:24Z UpdateTip: new best=000000be9bd76ac43980e02e6fcd0bc5fb62ad1f7c548ae3f6af1225c2a3be4f height=359 version=0x20000000 log2_work=30.697958 tx=360 date='2020-09-01T23:30:31Z' progress=0.000009 cache=0.3MiB(359txo)
2026-04-11T19:36:24Z UpdateTip: new best=0000029a95751c6eddbad8cd185df847fba536e9ec7e170caade88bb4f3e4846 height=360 version=0x20000000 log2_work=30.701960 tx=361 date='2020-09-01T23:39:10Z' progress=0.000009 cache=0.3MiB(360txo)
2026-04-11T19:36:24Z UpdateTip: new best=0000012775ac28a6a97edbde77974e5cee3fc491db9192b1e31f6c855d0f1b67 height=361 version=0x20000000 log2_work=30.705950 tx=362 date='2020-09-01T23:45:09Z' progress=0.000009 cache=0.3MiB(361txo)
2026-04-11T19:36:24Z UpdateTip: new best=000002ba64391c02f9e43036be405f4d53d32587696b84a91cf45d90367d16de height=362 version=0x20000000 log2_work=30.709930 tx=363 date='2020-09-01T23:47:07Z' progress=0.000009 cache=0.3MiB(362txo)
2026-04-11T19:36:24Z UpdateTip: new best=000000e584d9ecb9fa96ba5dbc3e8029307ca36e4e2cf39942d9f4ffe4b194ba height=363 version=0x20000000 log2_work=30.713899 tx=364 date='2020-09-01T23:48:03Z' progress=0.000009 cache=0.3MiB(363txo)
2026-04-11T19:36:24Z UpdateTip: new best=00000263f1f34bddea66bc56e4c516dd44f6a4c1f8ffda687b897a36289a0ef0 height=364 version=0x20000000 log2_work=30.717857 tx=365 date='2020-09-01T23:53:26Z' progress=0.000009 cache=0.3MiB(364txo)
2026-04-11T19:36:24Z UpdateTip: new best=000001beae67511473090b3614edc6c09f89c3defc0e63e11f0ed6577ed86434 height=365 version=0x20000000 log2_work=30.721804 tx=366 date='2020-09-01T23:59:24Z' progress=0.000009 cache=0.3MiB(365txo)
2026-04-11T19:36:24Z UpdateTip: new best=000001204acdd7bd13491710b9bd8af2d96053f329f30f5672353860c8e35d1c height=366 version=0x20000000 log2_work=30.725741 tx=367 date='2020-09-02T00:12:48Z' progress=0.000009 cache=0.3MiB(366txo)
2026-04-11T19:36:24Z UpdateTip: new best=000000b44466974d930a823390088f623e51eb2945a87694f1320a814ba8554a height=367 version=0x20000000 log2_work=30.729667 tx=368 date='2020-09-02T00:15:45Z' progress=0.000009 cache=0.3MiB(367txo)
2026-04-11T19:36:24Z UpdateTip: new best=000001737838336f441af5b878ea148a797169035d154774f946d898aa3a3e25 height=368 version=0x20000000 log2_work=30.733582 tx=369 date='2020-09-02T00:17:48Z' progress=0.000009 cache=0.3MiB(368txo)
2026-04-11T19:36:24Z UpdateTip: new best=00000103ae1f16285c6f51fe5fa985695c601e402f9cbab7734e3344318b3dc4 height=369 version=0x20000000 log2_work=30.737486 tx=370 date='2020-09-02T00:19:02Z' progress=0.000009 cache=0.3MiB(369txo)
2026-04-11T19:36:24Z UpdateTip: new best=000002988eb95ee489ec15a3c602ad6b13a53a0292880a46d9427170e9776e19 height=370 version=0x20000000 log2_work=30.741380 tx=371 date='2020-09-02T00:21:34Z' progress=0.000009 cache=0.3MiB(370txo)
2026-04-11T19:36:24Z UpdateTip: new best=000001e9bb906a57b6e3060ab3e1780f628c35dab54a839b3eb66bdf9104fea7 height=371 version=0x20000000 log2_work=30.745263 tx=372 date='2020-09-02T00:24:24Z' progress=0.000009 cache=0.3MiB(371txo)
2026-04-11T19:36:24Z UpdateTip: new best=0000009c06cb13a16234e9c3fd2337c1fd732cfc0aba272e1d513fd358368347 height=372 version=0x20000000 log2_work=30.749136 tx=373 date='2020-09-02T00:25:50Z' progress=0.000009 cache=0.3MiB(372txo)
2026-04-11T19:36:24Z UpdateTip: new best=000001798f52f214435b1127c8f94123cc7e4f130d614f43fe31de7d04811260 height=373 version=0x20000000 log2_work=30.752999 tx=374 date='2020-09-02T00:27:23Z' progress=0.000009 cache=0.3MiB(373txo)
2026-04-11T19:36:24Z UpdateTip: new best=00000075a8c85e8adf80df2770d0f2962780f58d87a91ccd44b857ed3830e17d height=374 version=0x20000000 log2_work=30.756851 tx=375 date='2020-09-02T00:34:57Z' progress=0.000009 cache=0.3MiB(374txo)
2026-04-11T19:36:24Z UpdateTip: new best=000002f2fad7db83f3d90c20fb18fa208f66b83aecee0c4a553e595142fb2319 height=375 version=0x20000000 log2_work=30.760693 tx=376 date='2020-09-02T00:36:26Z' progress=0.000009 cache=0.3MiB(375txo)
2026-04-11T19:36:24Z UpdateTip: new best=0000025ccac44ed3662f1bcdc7fcd03f8d3cd566806a28e44f47363f023a413c height=376 version=0x20000000 log2_work=30.764525 tx=377 date='2020-09-02T00:37:51Z' progress=0.000009 cache=0.3MiB(376txo)
2026-04-11T19:36:24Z UpdateTip: new best=000003178818b642aa3ddce03d722de142b13ce54ead09d3f511308233e5b4a2 height=377 version=0x20000000 log2_work=30.768347 tx=378 date='2020-09-02T00:39:41Z' progress=0.000009 cache=0.3MiB(377txo)
2026-04-11T19:36:24Z UpdateTip: new best=0000016833fa40e47f9a1cb6687728e201020d5ba8934ec402e91c1ca39dc24b height=378 version=0x20000000 log2_work=30.772159 tx=379 date='2020-09-02T00:41:20Z' progress=0.000009 cache=0.3MiB(378txo)
2026-04-11T19:36:24Z UpdateTip: new best=000000c7573db8dc20cbba64a37a0f8473669afced8697cbd3cc43c31e6782fd height=379 version=0x20000000 log2_work=30.775960 tx=380 date='2020-09-02T00:42:55Z' progress=0.000009 cache=0.3MiB(379txo)
2026-04-11T19:36:24Z UpdateTip: new best=0000032acf9ad2875ec42423bdeca539c727e3113e098e2cddeb85d263c6d32e height=380 version=0x20000000 log2_work=30.779752 tx=381 date='2020-09-02T00:44:09Z' progress=0.000009 cache=0.3MiB(380txo)
2026-04-11T19:36:24Z UpdateTip: new best=000002a272749003a40a02718122101d92e0a015e1013bbe8d42685d3da483b8 height=381 version=0x20000000 log2_work=30.783533 tx=382 date='2020-09-02T00:47:18Z' progress=0.000009 cache=0.3MiB(381txo)
2026-04-11T19:36:24Z UpdateTip: new best=000000fbf882e7cd4ff105a1827576242175a56d028def1f631a4eb8f224bd31 height=382 version=0x20000000 log2_work=30.787305 tx=383 date='2020-09-02T00:56:24Z' progress=0.000009 cache=0.3MiB(382txo)
2026-04-11T19:36:24Z UpdateTip: new best=0000023e8304b53ffbe9d44c549b0a09b1fb168c6e7887efcf3b6d9411e7d228 height=383 version=0x20000000 log2_work=30.791067 tx=384 date='2020-09-02T00:57:08Z' progress=0.000009 cache=0.3MiB(383txo)
2026-04-11T19:36:24Z UpdateTip: new best=000002ed690e31ddafa80ded0d77d25cdeb7584254cc5e3b81c7590bb218ed8f height=384 version=0x20000000 log2_work=30.794819 tx=385 date='2020-09-02T00:59:24Z' progress=0.000010 cache=0.3MiB(384txo)
2026-04-11T19:36:24Z UpdateTip: new best=00000283dacc56b57f1f126c64a24da99686bd4acbd922fd2c35430efd2c40cb height=385 version=0x20000000 log2_work=30.798562 tx=386 date='2020-09-02T01:06:52Z' progress=0.000010 cache=0.3MiB(385txo)
2026-04-11T19:36:24Z UpdateTip: new best=0000030973b63ea8a19019269684641e8a43d7a65e263dddf651c63e809e0972 height=386 version=0x20000000 log2_work=30.802294 tx=387 date='2020-09-02T01:20:25Z' progress=0.000010 cache=0.3MiB(386txo)
2026-04-11T19:36:24Z UpdateTip: new best=00000092eb64a4f1c4c6df4e7bd60dbfacead8964fc0a4aa1115f1572f87f255 height=387 version=0x20000000 log2_work=30.806017 tx=388 date='2020-09-02T01:25:17Z' progress=0.000010 cache=0.3MiB(387txo)
2026-04-11T19:36:24Z UpdateTip: new best=000001247ac89513be831479a42cbee2d3bb37ca0a063590fad2e189ea833c22 height=388 version=0x20000000 log2_work=30.809731 tx=389 date='2020-09-02T01:26:27Z' progress=0.000010 cache=0.3MiB(388txo)
2026-04-11T19:36:25Z UpdateTip: new best=000000a56073c47ea5f73b43dbcd912f03cabc0461a687b68025bbd0fe6b3deb height=389 version=0x20000000 log2_work=30.813435 tx=390 date='2020-09-02T01:27:07Z' progress=0.000010 cache=0.3MiB(389txo)
2026-04-11T19:36:25Z UpdateTip: new best=0000019d4243f8b769365be628cd8e9d91f3a8de2f3cbb955dbd61418cb7d947 height=390 version=0x20000000 log2_work=30.817129 tx=391 date='2020-09-02T01:31:14Z' progress=0.000010 cache=0.3MiB(390txo)
2026-04-11T19:36:25Z UpdateTip: new best=000000451cdca3056393bc56767ddd0ca42c34ef336f9f7238bfcd8aaea6cd04 height=391 version=0x20000000 log2_work=30.820814 tx=392 date='2020-09-02T01:33:43Z' progress=0.000010 cache=0.3MiB(391txo)
2026-04-11T19:36:25Z UpdateTip: new best=0000000ab0849f412ebd97582f9b36f7f95d5ca0d28429896287e58f4d5ed194 height=392 version=0x20000000 log2_work=30.824490 tx=393 date='2020-09-02T01:33:55Z' progress=0.000010 cache=0.3MiB(392txo)
2026-04-11T19:36:25Z UpdateTip: new best=0000028f6b7e4cbd0d604be6534e8401b541c0a8629109ab988520b53b181790 height=393 version=0x20000000 log2_work=30.828156 tx=394 date='2020-09-02T01:36:18Z' progress=0.000010 cache=0.3MiB(393txo)
2026-04-11T19:36:25Z UpdateTip: new best=0000001bdc532f36b1ea846efe123d0a3495295d18dc6965a236a1a0806a9921 height=394 version=0x20000000 log2_work=30.831813 tx=395 date='2020-09-02T01:37:44Z' progress=0.000010 cache=0.3MiB(394txo)
2026-04-11T19:36:25Z UpdateTip: new best=0000027d171b454f52f0b49c46c43271dc902fecd8ca19c57cc1d6a5c9842a7e height=395 version=0x20000000 log2_work=30.835461 tx=396 date='2020-09-02T01:43:17Z' progress=0.000010 cache=0.3MiB(395txo)
2026-04-11T19:36:25Z UpdateTip: new best=000002a02f1365858d1c7b6456c09b57671e2bb1be5fec695787ab04dce2d20f height=396 version=0x20000000 log2_work=30.839100 tx=397 date='2020-09-02T01:48:01Z' progress=0.000010 cache=0.3MiB(396txo)
2026-04-11T19:36:25Z UpdateTip: new best=000001894cc60b00cb09c0eac56d043c224e22451d383c01dff6123901e00e03 height=397 version=0x20000000 log2_work=30.842729 tx=398 date='2020-09-02T01:53:58Z' progress=0.000010 cache=0.3MiB(397txo)
2026-04-11T19:36:25Z UpdateTip: new best=0000033c6dea53462f6b651fcfc6efe10750b7cd22bd3e86362ff7ac892af6ec height=398 version=0x20000000 log2_work=30.846350 tx=399 date='2020-09-02T01:59:43Z' progress=0.000010 cache=0.3MiB(398txo)
2026-04-11T19:36:25Z UpdateTip: new best=000000d95fce578e0412de12ffd33d0c7372ade428bf991a735f4ab69beaebe1 height=399 version=0x20000000 log2_work=30.849961 tx=400 date='2020-09-02T02:00:08Z' progress=0.000010 cache=0.3MiB(399txo)
2026-04-11T19:36:25Z UpdateTip: new best=000002b43644628a66ef828198791b70d2659df154e3b69577e481f306647fd4 height=400 version=0x20000000 log2_work=30.853563 tx=401 date='2020-09-02T02:01:29Z' progress=0.000010 cache=0.3MiB(400txo)
2026-04-11T19:36:25Z UpdateTip: new best=000001d8fa668572b11e0d9bb3a3d9fbe386b937473aa81e59cc1c9caed42bb7 height=401 version=0x20000000 log2_work=30.857156 tx=402 date='2020-09-02T02:02:59Z' progress=0.000010 cache=0.3MiB(401txo)
2026-04-11T19:36:25Z UpdateTip: new best=000000389b4f74b66296e285840cbcb50ab0f8d4e42324e817db2a385ac06599 height=402 version=0x20000000 log2_work=30.860741 tx=403 date='2020-09-02T02:04:26Z' progress=0.000010 cache=0.3MiB(402txo)
2026-04-11T19:36:25Z UpdateTip: new best=000001dbd03beada958d97df3a164edb2fd931a2f47a3ef1b3edaa1642e6596c height=403 version=0x20000000 log2_work=30.864316 tx=404 date='2020-09-02T02:04:44Z' progress=0.000010 cache=0.3MiB(403txo)
2026-04-11T19:36:25Z UpdateTip: new best=00000304bc24ce4ee8bd42eaf02c2b886520b3aa4fbed098febadbf38a4f94e6 height=404 version=0x20000000 log2_work=30.867883 tx=405 date='2020-09-02T02:05:34Z' progress=0.000010 cache=0.3MiB(404txo)
2026-04-11T19:36:25Z UpdateTip: new best=0000019128f5e848701ee6522e90ed12c25d65fa29eab52b4f3307d877dc9f98 height=405 version=0x20000000 log2_work=30.871440 tx=406 date='2020-09-02T02:05:37Z' progress=0.000010 cache=0.3MiB(405txo)
2026-04-11T19:36:25Z UpdateTip: new best=000001948df10b47ae961ddfb02b4aadcaefafa4f779144dbc7a237fcf3239f5 height=406 version=0x20000000 log2_work=30.874990 tx=407 date='2020-09-02T02:09:01Z' progress=0.000010 cache=0.3MiB(406txo)
2026-04-11T19:36:25Z UpdateTip: new best=000001abd1c8fcb8b10dd0bceb28c0e81bd6029e52d68bcaf9dbf4df8d5a0057 height=407 version=0x20000000 log2_work=30.878530 tx=408 date='2020-09-02T02:16:49Z' progress=0.000010 cache=0.3MiB(407txo)
2026-04-11T19:36:25Z UpdateTip: new best=0000020b841c84455049e1c617a8df6e3789b7a17bf9837e780238b36078797b height=408 version=0x20000000 log2_work=30.882062 tx=409 date='2020-09-02T02:17:30Z' progress=0.000010 cache=0.3MiB(408txo)
2026-04-11T19:36:25Z UpdateTip: new best=000000d7107f1f1fffb9d587fe5393f40de3811acb2a3df46fb24fbf14ed7d01 height=409 version=0x20000000 log2_work=30.885585 tx=410 date='2020-09-02T02:20:11Z' progress=0.000010 cache=0.3MiB(409txo)
2026-04-11T19:36:25Z UpdateTip: new best=000001d1169f2e02fecf96dff312eec0be754c34f9fbe75bae88a9b0def5d873 height=410 version=0x20000000 log2_work=30.889099 tx=411 date='2020-09-02T02:21:12Z' progress=0.000010 cache=0.3MiB(410txo)
2026-04-11T19:36:25Z UpdateTip: new best=00000193728107235584cc5f509cbc48b58f525d2d9aa5dedfabaec80464d7df height=411 version=0x20000000 log2_work=30.892605 tx=412 date='2020-09-02T02:39:02Z' progress=0.000010 cache=0.3MiB(411txo)
2026-04-11T19:36:25Z UpdateTip: new best=000002b43bdc7693caeda516a57121d02d9b920f08213e7383c7ab4f025bae93 height=412 version=0x20000000 log2_work=30.896103 tx=413 date='2020-09-02T02:42:10Z' progress=0.000010 cache=0.3MiB(412txo)
2026-04-11T19:36:25Z UpdateTip: new best=0000033249c695889215e17677ca4b6938fbbeb09c915b615a65a45147225776 height=413 version=0x20000000 log2_work=30.899592 tx=414 date='2020-09-02T02:49:41Z' progress=0.000010 cache=0.3MiB(413txo)
2026-04-11T19:36:25Z UpdateTip: new best=000002e588f882692055e90e7edfcad1433ea1e0a26fdec1a93694e52bf5a690 height=414 version=0x20000000 log2_work=30.903072 tx=415 date='2020-09-02T02:52:18Z' progress=0.000010 cache=0.3MiB(414txo)
2026-04-11T19:36:25Z UpdateTip: new best=00000353e0a7674fbdc96a7abfabb367645ab95d7e769129e246beb003d946ec height=415 version=0x20000000 log2_work=30.906544 tx=416 date='2020-09-02T02:58:49Z' progress=0.000010 cache=0.3MiB(415txo)
2026-04-11T19:36:25Z UpdateTip: new best=0000022db8b6aea98354d8cb1156e860bc95bdcb9be54265474d66aa4442ed6f height=416 version=0x20000000 log2_work=30.910008 tx=417 date='2020-09-02T03:02:04Z' progress=0.000010 cache=0.3MiB(416txo)
2026-04-11T19:36:25Z UpdateTip: new best=0000000d756c97b56e94d91147ad583a7a3f5c3cf7433f1b862f762df694071d height=417 version=0x20000000 log2_work=30.913464 tx=418 date='2020-09-02T03:08:27Z' progress=0.000010 cache=0.3MiB(417txo)
2026-04-11T19:36:25Z UpdateTip: new best=000001c9d7d4e1c296675948992dcdebe3e1a15d57c810aa685a6b4cd4a74a49 height=418 version=0x20000000 log2_work=30.916911 tx=419 date='2020-09-02T03:11:09Z' progress=0.000010 cache=0.3MiB(418txo)
2026-04-11T19:36:25Z UpdateTip: new best=0000001787955275841ddeb72d07ae5839da6ee449549959f3b5323168504927 height=419 version=0x20000000 log2_work=30.920350 tx=420 date='2020-09-02T03:12:17Z' progress=0.000010 cache=0.3MiB(419txo)
2026-04-11T19:36:25Z UpdateTip: new best=0000017706a8c44b91b5228aba0606488000aecb54a57b7f33b30c1f25ec3259 height=420 version=0x20000000 log2_work=30.923781 tx=421 date='2020-09-02T03:20:17Z' progress=0.000010 cache=0.3MiB(420txo)
2026-04-11T19:36:25Z UpdateTip: new best=000000925fc1f64a6e54613f4c21291856e53173c2dec53dfbbcbbedb95cb343 height=421 version=0x20000000 log2_work=30.927204 tx=422 date='2020-09-02T03:20:55Z' progress=0.000010 cache=0.3MiB(421txo)
2026-04-11T19:36:25Z UpdateTip: new best=000002d9874743546c7188a60e4c82eecba549c92356ec32a94a0fecee334833 height=422 version=0x20000000 log2_work=30.930618 tx=423 date='2020-09-02T03:21:50Z' progress=0.000010 cache=0.3MiB(422txo)
2026-04-11T19:36:25Z UpdateTip: new best=000002db532dd97961ab4b40ff7b8fe0b45be290ac8adea08a4724ec67a3b35e height=423 version=0x20000000 log2_work=30.934025 tx=424 date='2020-09-02T03:23:10Z' progress=0.000010 cache=0.3MiB(423txo)
2026-04-11T19:36:25Z UpdateTip: new best=0000011306ef1dca84c5cf9886ea5266cce16df148a0d12e785f6f0dcd502da2 height=424 version=0x20000000 log2_work=30.937424 tx=425 date='2020-09-02T03:24:18Z' progress=0.000010 cache=0.3MiB(424txo)
2026-04-11T19:36:25Z UpdateTip: new best=0000020578e34616f786f98bf9bbef8f8c78a52cbe5bebc097a0023158d1bb60 height=425 version=0x20000000 log2_work=30.940814 tx=426 date='2020-09-02T03:24:38Z' progress=0.000011 cache=0.3MiB(425txo)
2026-04-11T19:36:25Z UpdateTip: new best=0000017e75516e835df4fa9e94c2d0e3f1d085dede5bad203d06b7180691e7c3 height=426 version=0x20000000 log2_work=30.944197 tx=427 date='2020-09-02T03:25:13Z' progress=0.000011 cache=0.3MiB(426txo)
2026-04-11T19:36:25Z UpdateTip: new best=00000247d308fc25d2b399c54303d3a1fbc217842f81914ecf95699dc4b0fac4 height=427 version=0x20000000 log2_work=30.947572 tx=428 date='2020-09-02T03:33:38Z' progress=0.000011 cache=0.3MiB(427txo)
2026-04-11T19:36:26Z UpdateTip: new best=0000007eb500b80b4b6d0cca157ffade71dd03a6ece02ebd9dd80909650b209e height=428 version=0x20000000 log2_work=30.950938 tx=429 date='2020-09-02T03:35:22Z' progress=0.000011 cache=0.3MiB(428txo)
2026-04-11T19:36:26Z UpdateTip: new best=0000001612c0f89027fd0229e33c7ff15f0624f8829336c86854229bb380c1bd height=429 version=0x20000000 log2_work=30.954297 tx=430 date='2020-09-02T03:40:10Z' progress=0.000011 cache=0.3MiB(429txo)
2026-04-11T19:36:26Z UpdateTip: new best=000000d7835a2a3bae07c353d936a5630147177d5fcefdd560ecfba98ea00fdc height=430 version=0x20000000 log2_work=30.957649 tx=431 date='2020-09-02T03:41:55Z' progress=0.000011 cache=0.3MiB(430txo)
2026-04-11T19:36:26Z UpdateTip: new best=00000199e3a99c6a977e45b2abddfc30875e9999b796dea843f82cd878511fee height=431 version=0x20000000 log2_work=30.960992 tx=432 date='2020-09-02T03:45:46Z' progress=0.000011 cache=0.3MiB(431txo)
2026-04-11T19:36:26Z UpdateTip: new best=000001922095a127db28e7439ee5ad8809059fa4975578a24127830cb30acfa3 height=432 version=0x20000000 log2_work=30.964328 tx=433 date='2020-09-02T03:46:21Z' progress=0.000011 cache=0.3MiB(432txo)
2026-04-11T19:36:26Z UpdateTip: new best=0000024608fd53eb4e31f2e414b5fe3835b76e5c2184f18e3f4e448bd6c99cde height=433 version=0x20000000 log2_work=30.967656 tx=434 date='2020-09-02T03:46:37Z' progress=0.000011 cache=0.3MiB(433txo)
2026-04-11T19:36:26Z UpdateTip: new best=00000014b23110b657d7f43cbddb92b7e8fc1ad7dd621777bbf2911db838f616 height=434 version=0x20000000 log2_work=30.970976 tx=435 date='2020-09-02T03:46:55Z' progress=0.000011 cache=0.3MiB(434txo)
2026-04-11T19:36:26Z UpdateTip: new best=00000252e8ec23c903f212e15abeb2401dd070ec435dc7245c80439435d7ecfc height=435 version=0x20000000 log2_work=30.974289 tx=436 date='2020-09-02T03:47:48Z' progress=0.000011 cache=0.3MiB(435txo)
2026-04-11T19:36:26Z UpdateTip: new best=000003563c47be1afb14543eede83847ebca41686a3343ddda77bd337815e4ce height=436 version=0x20000000 log2_work=30.977594 tx=437 date='2020-09-02T03:49:11Z' progress=0.000011 cache=0.3MiB(436txo)
2026-04-11T19:36:26Z UpdateTip: new best=0000031f9cc43d4701c120ddf9cb7651e8ff1ca4763b4a3e3d5aaf2b24b33fbb height=437 version=0x20000000 log2_work=30.980892 tx=438 date='2020-09-02T03:55:37Z' progress=0.000011 cache=0.3MiB(437txo)
2026-04-11T19:36:26Z UpdateTip: new best=00000241aff0a3b0ef860fb719985429bfda79dceef8f2e9b1e24fb3d86127ee height=438 version=0x20000000 log2_work=30.984182 tx=439 date='2020-09-02T04:01:43Z' progress=0.000011 cache=0.3MiB(438txo)
2026-04-11T19:36:26Z UpdateTip: new best=0000036782fa733a23e4f4943ff3fab4f5e42772db6fe39402ec2e0c6c0d2ff9 height=439 version=0x20000000 log2_work=30.987464 tx=440 date='2020-09-02T04:12:08Z' progress=0.000011 cache=0.3MiB(439txo)
2026-04-11T19:36:26Z UpdateTip: new best=000002e63a130985b5ce60c3bfdfa79c3de9d766884c12222377e50387231054 height=440 version=0x20000000 log2_work=30.990739 tx=441 date='2020-09-02T04:14:57Z' progress=0.000011 cache=0.3MiB(440txo)
2026-04-11T19:36:26Z UpdateTip: new best=00000170569eace74e6937b5f5f73995bb9148b8ef7681b3603f28821802047e height=441 version=0x20000000 log2_work=30.994007 tx=442 date='2020-09-02T04:15:01Z' progress=0.000011 cache=0.3MiB(441txo)
2026-04-11T19:36:26Z UpdateTip: new best=00000071ba31f81c7dd0a2fe7105372a84e1dc0b1510ae6ec499e669e5c648d6 height=442 version=0x20000000 log2_work=30.997267 tx=443 date='2020-09-02T04:18:46Z' progress=0.000011 cache=0.3MiB(442txo)
2026-04-11T19:36:26Z UpdateTip: new best=000001775f0d25cd246ed3c68b9646f1efeb73fe32a1c62c720b802eb2445481 height=443 version=0x20000000 log2_work=31.000520 tx=444 date='2020-09-02T04:28:44Z' progress=0.000011 cache=0.3MiB(443txo)
2026-04-11T19:36:26Z UpdateTip: new best=00000097a0a22bdda737b8665e402458cfff8df3026791fa51ebcbb91c441a40 height=444 version=0x20000000 log2_work=31.003766 tx=445 date='2020-09-02T04:33:57Z' progress=0.000011 cache=0.3MiB(444txo)
2026-04-11T19:36:26Z UpdateTip: new best=00000083529af8c73aacba3613bb5c43865a7351e37522a9b8afbfc8a58dccbb height=445 version=0x20000000 log2_work=31.007004 tx=446 date='2020-09-02T04:35:16Z' progress=0.000011 cache=0.3MiB(445txo)
2026-04-11T19:36:26Z UpdateTip: new best=00000332dc7e3e86ba9fc9aad1b0830e27cb4054c462f6e75c2c3eca7129cfc0 height=446 version=0x20000000 log2_work=31.010236 tx=447 date='2020-09-02T04:35:48Z' progress=0.000011 cache=0.3MiB(446txo)
2026-04-11T19:36:26Z UpdateTip: new best=000001f03f092738eca8f7cd24d7796ce693008f43b9c6f53f0e9953f6eabe3c height=447 version=0x20000000 log2_work=31.013459 tx=448 date='2020-09-02T04:51:56Z' progress=0.000011 cache=0.3MiB(447txo)
2026-04-11T19:36:26Z UpdateTip: new best=000002953704127ab14a6cd5a63ee8a716581415fe6dd53337935fad65e62379 height=448 version=0x20000000 log2_work=31.016676 tx=449 date='2020-09-02T04:52:06Z' progress=0.000011 cache=0.3MiB(448txo)
2026-04-11T19:36:26Z UpdateTip: new best=00000165286d938a77afa035312e62c7fc58686f384512e25b9ad11cd2ac9dd7 height=449 version=0x20000000 log2_work=31.019886 tx=450 date='2020-09-02T04:52:11Z' progress=0.000011 cache=0.3MiB(449txo)
2026-04-11T19:36:26Z UpdateTip: new best=00000155943e4433564470a7377a54633141a37c126bd78484ee1733ade7d513 height=450 version=0x20000000 log2_work=31.023088 tx=451 date='2020-09-02T04:52:33Z' progress=0.000011 cache=0.3MiB(450txo)
2026-04-11T19:36:26Z UpdateTip: new best=0000011ec5074f6df30b5a5432eed78e281b66767f78a5b3d23bbdabb0118c41 height=451 version=0x20000000 log2_work=31.026284 tx=452 date='2020-09-02T04:55:05Z' progress=0.000011 cache=0.3MiB(451txo)
2026-04-11T19:36:26Z UpdateTip: new best=000003368ab8d5c91a1dfd345d0d9c3f68666959e1ed3bb0ec708042129eeddf height=452 version=0x20000000 log2_work=31.029472 tx=453 date='2020-09-02T04:55:32Z' progress=0.000011 cache=0.3MiB(452txo)
2026-04-11T19:36:26Z UpdateTip: new best=00000215a042ad8f38d2954360bce7a9d6f1fa68566a4b7df4dac20ff7a8b780 height=453 version=0x20000000 log2_work=31.032653 tx=454 date='2020-09-02T04:55:44Z' progress=0.000011 cache=0.3MiB(453txo)
2026-04-11T19:36:26Z UpdateTip: new best=00000294349b4b2b4863145419218e696af845e3ae786d8204552f53dc571a5c height=454 version=0x20000000 log2_work=31.035827 tx=455 date='2020-09-02T04:58:37Z' progress=0.000011 cache=0.3MiB(454txo)
2026-04-11T19:36:26Z UpdateTip: new best=0000000ff1637ad58c1b1fe69765216674ca0b4e04f0bdc0896ee102144faf1d height=455 version=0x20000000 log2_work=31.038995 tx=456 date='2020-09-02T05:00:22Z' progress=0.000011 cache=0.3MiB(455txo)
2026-04-11T19:36:26Z UpdateTip: new best=0000012fa1ccece94ebce47b4426c25564eff0c11c825dd197be95e326d70b5e height=456 version=0x20000000 log2_work=31.042155 tx=457 date='2020-09-02T05:02:35Z' progress=0.000011 cache=0.3MiB(456txo)
2026-04-11T19:36:26Z UpdateTip: new best=00000177911dc9c0360ae9a211cbfeda2bc0aaceee9dbfd940fe686f5c5278ef height=457 version=0x20000000 log2_work=31.045308 tx=458 date='2020-09-02T05:07:51Z' progress=0.000011 cache=0.3MiB(457txo)
2026-04-11T19:36:26Z UpdateTip: new best=00000268c4bb1b20f5b7cda249b51bdfedfefc53852a6b9ae79653d89716059c height=458 version=0x20000000 log2_work=31.048455 tx=459 date='2020-09-02T05:08:38Z' progress=0.000011 cache=0.3MiB(458txo)
2026-04-11T19:36:26Z UpdateTip: new best=0000034f0cd85de04af5f587af4bbdd725568f299e0b748ea9369ee723e93106 height=459 version=0x20000000 log2_work=31.051595 tx=460 date='2020-09-02T05:10:43Z' progress=0.000011 cache=0.3MiB(459txo)
2026-04-11T19:36:26Z UpdateTip: new best=0000035855c2f0645dd9ec82a2a81628fdd3d85471823fb9f70175d6a9b0e02f height=460 version=0x20000000 log2_work=31.054728 tx=461 date='2020-09-02T05:13:35Z' progress=0.000011 cache=0.3MiB(460txo)
2026-04-11T19:36:26Z UpdateTip: new best=000000f3595c59dad21cd32ff22542dd0366dea7ebaba0995f9dd0d6960bb575 height=461 version=0x20000000 log2_work=31.057854 tx=462 date='2020-09-02T05:14:21Z' progress=0.000011 cache=0.3MiB(461txo)
2026-04-11T19:36:26Z UpdateTip: new best=0000032bd66533dc344083f49983f2b162f44d73765723d01e15f43a8a61a450 height=462 version=0x20000000 log2_work=31.060973 tx=463 date='2020-09-02T05:16:21Z' progress=0.000011 cache=0.3MiB(462txo)
2026-04-11T19:36:26Z UpdateTip: new best=0000017487025d0c11eccb4aeeab85b8e381a761cca7ae6a1992faf2854c9a5c height=463 version=0x20000000 log2_work=31.064086 tx=464 date='2020-09-02T05:17:03Z' progress=0.000011 cache=0.3MiB(463txo)
2026-04-11T19:36:26Z UpdateTip: new best=000000aceb109a1f368cdf993d04b6e88fbedf9e3f22546dd7172d7bb63e0681 height=464 version=0x20000000 log2_work=31.067191 tx=465 date='2020-09-02T05:25:18Z' progress=0.000011 cache=0.3MiB(464txo)
2026-04-11T19:36:26Z UpdateTip: new best=0000008812a0c25c653449601b0bbe8713b644e8e2fd09cb3cd4f250297ce1c2 height=465 version=0x20000000 log2_work=31.070291 tx=466 date='2020-09-02T05:34:19Z' progress=0.000012 cache=0.3MiB(465txo)
2026-04-11T19:36:26Z UpdateTip: new best=000002b4736cc30b4e43780b360ec5ba8db49709c898a3ee903c608fd1a9bc65 height=466 version=0x20000000 log2_work=31.073383 tx=467 date='2020-09-02T05:35:54Z' progress=0.000012 cache=0.3MiB(466txo)
2026-04-11T19:36:27Z UpdateTip: new best=0000034df50e1a14ca1228941e24f8c0248d25bf504f3f83a748c9fcae9a27ad height=467 version=0x20000000 log2_work=31.076469 tx=468 date='2020-09-02T05:40:14Z' progress=0.000012 cache=0.3MiB(467txo)
2026-04-11T19:36:27Z UpdateTip: new best=0000017a003266e6a64f207f33ae9f17b2a04ea6b829737dd01f68f6a776d418 height=468 version=0x20000000 log2_work=31.079549 tx=469 date='2020-09-02T05:47:41Z' progress=0.000012 cache=0.3MiB(468txo)
2026-04-11T19:36:27Z UpdateTip: new best=000001a5610218e68f644d1b105f8fae84daceba49654ba9a9fea165ab92af6f height=469 version=0x20000000 log2_work=31.082622 tx=470 date='2020-09-02T05:47:42Z' progress=0.000012 cache=0.3MiB(469txo)
2026-04-11T19:36:27Z UpdateTip: new best=000001d20790bad565a48496afb7ca193b3b20039b4b0332759c004f3d3e7884 height=470 version=0x20000000 log2_work=31.085688 tx=471 date='2020-09-02T05:55:07Z' progress=0.000012 cache=0.3MiB(470txo)
2026-04-11T19:36:27Z UpdateTip: new best=000002bb742a24bbdd86e639743ade20a986a8b7d013f0f8f2ef6307dc954aba height=471 version=0x20000000 log2_work=31.088748 tx=472 date='2020-09-02T05:55:17Z' progress=0.000012 cache=0.3MiB(471txo)
2026-04-11T19:36:27Z UpdateTip: new best=00000081eafe15ab2aa551901d1134c507b09fdd2eced816e1dc506e3ccf214a height=472 version=0x20000000 log2_work=31.091801 tx=473 date='2020-09-02T05:57:44Z' progress=0.000012 cache=0.3MiB(472txo)
2026-04-11T19:36:27Z UpdateTip: new best=0000012dcded4b235fa1f70f60083dd17637a8d5a4a33e4ac4bf51f27db5993c height=473 version=0x20000000 log2_work=31.094848 tx=474 date='2020-09-02T06:09:01Z' progress=0.000012 cache=0.3MiB(473txo)
2026-04-11T19:36:27Z UpdateTip: new best=000003709881b47f140354480090195a78e8de3e0d0a47a3d30a94ae9331c5e2 height=474 version=0x20000000 log2_work=31.097888 tx=475 date='2020-09-02T06:12:30Z' progress=0.000012 cache=0.3MiB(474txo)
2026-04-11T19:36:27Z UpdateTip: new best=00000048cd72016924263b78d20708446cfbcd50ada87c6892b147ef02ab21cf height=475 version=0x20000000 log2_work=31.100922 tx=476 date='2020-09-02T06:14:46Z' progress=0.000012 cache=0.3MiB(475txo)
2026-04-11T19:36:27Z UpdateTip: new best=000000d9d7622b383077a3714958340e78f2737ce5590265a841a2045b3876a1 height=476 version=0x20000000 log2_work=31.103950 tx=477 date='2020-09-02T06:15:18Z' progress=0.000012 cache=0.3MiB(476txo)
2026-04-11T19:36:27Z UpdateTip: new best=0000003ff108b12d00fcaa7125ac7b8fb8c40f9b4a78d48c9baadb5cadc60cde height=477 version=0x20000000 log2_work=31.106971 tx=478 date='2020-09-02T06:22:46Z' progress=0.000012 cache=0.3MiB(477txo)
2026-04-11T19:36:27Z UpdateTip: new best=0000017fdc7468520aab035f9168b31b4ccb7c1cbd606c1d2aad61fa17afc750 height=478 version=0x20000000 log2_work=31.109986 tx=479 date='2020-09-02T06:24:26Z' progress=0.000012 cache=0.3MiB(478txo)
2026-04-11T19:36:27Z UpdateTip: new best=0000005962671cbda439c43fc3adbd1b45a39418e472e3c91f7b29d819110efa height=479 version=0x20000000 log2_work=31.112995 tx=480 date='2020-09-02T06:32:39Z' progress=0.000012 cache=0.3MiB(479txo)
2026-04-11T19:36:27Z UpdateTip: new best=000000c77829ef5dff0c3c3a33eb4acde95caff564c4d53ffcb9857b2001e97c height=480 version=0x20000000 log2_work=31.115998 tx=481 date='2020-09-02T06:36:03Z' progress=0.000012 cache=0.3MiB(480txo)
2026-04-11T19:36:27Z UpdateTip: new best=000002ee5a4efb1ad0fa985a09d10411e1d503595cdcdb42a9a65637a5349bc0 height=481 version=0x20000000 log2_work=31.118994 tx=482 date='2020-09-02T06:36:59Z' progress=0.000012 cache=0.3MiB(481txo)
2026-04-11T19:36:27Z UpdateTip: new best=0000003bdce61cf2b2caa2cb76a7755c395b3ac9afa21c09c75e7c0a66437bcf height=482 version=0x20000000 log2_work=31.121984 tx=483 date='2020-09-02T06:39:06Z' progress=0.000012 cache=0.3MiB(482txo)
2026-04-11T19:36:27Z UpdateTip: new best=000000f32376bbd60f16ebf27da0e473981d015828b45e74750f37d962390cf1 height=483 version=0x20000000 log2_work=31.124968 tx=484 date='2020-09-02T06:42:28Z' progress=0.000012 cache=0.3MiB(483txo)
2026-04-11T19:36:27Z UpdateTip: new best=000000cf9472d502eb68d95c827cc2d9c05b1650ba0200e6ae92ea0ce8f9d5f3 height=484 version=0x20000000 log2_work=31.127946 tx=485 date='2020-09-02T06:42:31Z' progress=0.000012 cache=0.3MiB(484txo)
2026-04-11T19:36:27Z UpdateTip: new best=000000cfb7fe458675cb6dbd542eac6d418c995e1b82bca15948a1a42d6455be height=485 version=0x20000000 log2_work=31.130917 tx=486 date='2020-09-02T06:48:23Z' progress=0.000012 cache=0.3MiB(485txo)
2026-04-11T19:36:27Z UpdateTip: new best=000001af4733ee3460807a43b5ed0c67f019191f2239f98afa439c064f5536ba height=486 version=0x20000000 log2_work=31.133883 tx=487 date='2020-09-02T06:49:17Z' progress=0.000012 cache=0.3MiB(486txo)
2026-04-11T19:36:27Z UpdateTip: new best=000000065eb7879fcb20132a388f5a2ac6510d479b46492553ac17eca9ec5c8f height=487 version=0x20000000 log2_work=31.136842 tx=488 date='2020-09-02T06:50:14Z' progress=0.000012 cache=0.3MiB(487txo)
2026-04-11T19:36:27Z UpdateTip: new best=0000018170620292134567ee144e12a219feaea044103e74ab57457915a313d9 height=488 version=0x20000000 log2_work=31.139795 tx=489 date='2020-09-02T06:52:11Z' progress=0.000012 cache=0.3MiB(488txo)
2026-04-11T19:36:27Z UpdateTip: new best=0000003941267ca77787c5ade632449c7a9daf4ecde40d4f8b42ec78697af3cc height=489 version=0x20000000 log2_work=31.142743 tx=490 date='2020-09-02T06:53:59Z' progress=0.000012 cache=0.3MiB(489txo)
2026-04-11T19:36:27Z UpdateTip: new best=0000003df7a99ad968c0135582597e33a7da1343a76b6cb376c3bcb1e75ba539 height=490 version=0x20000000 log2_work=31.145684 tx=491 date='2020-09-02T06:56:22Z' progress=0.000012 cache=0.3MiB(490txo)
2026-04-11T19:36:27Z UpdateTip: new best=0000034e575c35c24d226e4e4b78a4a69c1e73ed51c3ff8108576647d599d6e9 height=491 version=0x20000000 log2_work=31.148619 tx=492 date='2020-09-02T06:58:48Z' progress=0.000012 cache=0.3MiB(491txo)
2026-04-11T19:36:27Z UpdateTip: new best=0000014fc3f6a72d24f02bdd245157383c43c2b01229d6ad3f0fcec0c20c6c78 height=492 version=0x20000000 log2_work=31.151548 tx=493 date='2020-09-02T07:01:44Z' progress=0.000012 cache=0.3MiB(492txo)
2026-04-11T19:36:27Z UpdateTip: new best=000002fa22b905ed262ba517c4425e91170df5229a0bb6591344cbe97f58b530 height=493 version=0x20000000 log2_work=31.154472 tx=494 date='2020-09-02T07:04:34Z' progress=0.000012 cache=0.3MiB(493txo)
2026-04-11T19:36:27Z UpdateTip: new best=0000034a86033bfb79f6a841757aade6f0c9abe0b38abbe8eb71bc923407f9a5 height=494 version=0x20000000 log2_work=31.157389 tx=495 date='2020-09-02T07:06:39Z' progress=0.000012 cache=0.3MiB(494txo)
2026-04-11T19:36:27Z UpdateTip: new best=000001a60e026defcac14c5919af8f4ec764872248aadfe4e6fd291a8f8ce48f height=495 version=0x20000000 log2_work=31.160301 tx=496 date='2020-09-02T07:09:57Z' progress=0.000012 cache=0.3MiB(495txo)
2026-04-11T19:36:27Z UpdateTip: new best=000001f964e69d7e93b490f5bd63a62b40cfeb92276be7f968c4ed3a7e99ecff height=496 version=0x20000000 log2_work=31.163207 tx=497 date='2020-09-02T07:10:44Z' progress=0.000012 cache=0.3MiB(496txo)
2026-04-11T19:36:27Z UpdateTip: new best=0000012f01d1aad4d4aeef100c2e40018c85ca6ef92eaf743ac91620693d92f4 height=497 version=0x20000000 log2_work=31.166107 tx=498 date='2020-09-02T07:11:14Z' progress=0.000012 cache=0.3MiB(497txo)
2026-04-11T19:36:27Z UpdateTip: new best=000002584ab98e3bd459250d4fddbf848d4fe2188910686157fa9972fb843dcc height=498 version=0x20000000 log2_work=31.169001 tx=499 date='2020-09-02T07:12:14Z' progress=0.000012 cache=0.3MiB(498txo)
2026-04-11T19:36:27Z UpdateTip: new best=000001d82c3e04518208e6ee922d7ee9935456024d38b547d1f6ed731be7fef2 height=499 version=0x20000000 log2_work=31.171889 tx=500 date='2020-09-02T07:13:02Z' progress=0.000012 cache=0.3MiB(499txo)
2026-04-11T19:36:27Z UpdateTip: new best=000002c7623cb42bbc6ef397c138180b2ef7f7cbe9efd7ff748e3c40e4da0b49 height=500 version=0x20000000 log2_work=31.174771 tx=501 date='2020-09-02T07:18:08Z' progress=0.000012 cache=0.3MiB(500txo)
2026-04-11T19:36:27Z UpdateTip: new best=000003191ee775f4d449e27e0f2683e302b30165263e123e23da3c2250a7bae4 height=501 version=0x20000000 log2_work=31.177648 tx=502 date='2020-09-02T07:19:27Z' progress=0.000012 cache=0.3MiB(501txo)
2026-04-11T19:36:27Z UpdateTip: new best=0000034ec89e71406909739a1e7773b1406f9e5c0b391f9111bc1e849b3a8822 height=502 version=0x20000000 log2_work=31.180519 tx=503 date='2020-09-02T07:34:07Z' progress=0.000012 cache=0.3MiB(502txo)
2026-04-11T19:36:28Z UpdateTip: new best=0000032c7464602a85aa5b7c56a8bcf5f08e2674b080dec058c19342379f102c height=503 version=0x20000000 log2_work=31.183385 tx=504 date='2020-09-02T07:34:40Z' progress=0.000012 cache=0.3MiB(503txo)
2026-04-11T19:36:28Z UpdateTip: new best=000002d4f367bbcde097003c9027723b46f38513cb71356038893e0a06aff9d9 height=504 version=0x20000000 log2_work=31.186244 tx=505 date='2020-09-02T07:37:00Z' progress=0.000012 cache=0.3MiB(504txo)
2026-04-11T19:36:28Z UpdateTip: new best=000001f65b6d66bcbdfd67de47a09be3104a1aed07ee403f8942c872f87091bf height=505 version=0x20000000 log2_work=31.189098 tx=506 date='2020-09-02T07:42:11Z' progress=0.000012 cache=0.3MiB(505txo)
2026-04-11T19:36:28Z UpdateTip: new best=000001cd7ef5324d7cfdb9d4486b1d72cdb06e622cf4b2097f47c8e854a2a0dd height=506 version=0x20000000 log2_work=31.191947 tx=507 date='2020-09-02T07:45:54Z' progress=0.000013 cache=0.3MiB(506txo)
2026-04-11T19:36:28Z UpdateTip: new best=000002b6801c78425b6cd14992b18c300b0812b73dbacfb401f0f8ddf9c0fa92 height=507 version=0x20000000 log2_work=31.194789 tx=508 date='2020-09-02T07:52:34Z' progress=0.000013 cache=0.3MiB(507txo)
2026-04-11T19:36:28Z UpdateTip: new best=00000136f9bc070a4339fadb1602a6ffe76a7c88756dd9e588588905a4548e44 height=508 version=0x20000000 log2_work=31.197626 tx=509 date='2020-09-02T07:54:05Z' progress=0.000013 cache=0.3MiB(508txo)
2026-04-11T19:36:28Z UpdateTip: new best=000000e657d85e909c109881c7dc2da75e114ba22553c9288d3f4ca71c329a50 height=509 version=0x20000000 log2_work=31.200458 tx=510 date='2020-09-02T07:59:55Z' progress=0.000013 cache=0.3MiB(509txo)
2026-04-11T19:36:28Z UpdateTip: new best=000002450dea094ce7f55891eb0fb43a0133c98b2324f901bbeb1aaf7bce20b5 height=510 version=0x20000000 log2_work=31.203284 tx=511 date='2020-09-02T08:05:40Z' progress=0.000013 cache=0.3MiB(510txo)
2026-04-11T19:36:28Z UpdateTip: new best=00000074c2a369b80e1badeda928d472a7a0c5f2cdf414f39c0692620e76622f height=511 version=0x20000000 log2_work=31.206105 tx=512 date='2020-09-02T08:08:47Z' progress=0.000013 cache=0.3MiB(511txo)
2026-04-11T19:36:28Z UpdateTip: new best=0000011d8b36602094f74ce5d945a8f688c622cac539068bacc4cc8f069c58f9 height=512 version=0x20000000 log2_work=31.208920 tx=513 date='2020-09-02T08:13:41Z' progress=0.000013 cache=0.3MiB(512txo)
2026-04-11T19:36:28Z UpdateTip: new best=0000014a92ce844fdc458f721d3c8d24d992e265df5b8082ea59f8bb3ad56211 height=513 version=0x20000000 log2_work=31.211729 tx=514 date='2020-09-02T08:19:25Z' progress=0.000013 cache=0.3MiB(513txo)
2026-04-11T19:36:28Z UpdateTip: new best=000002f36e14fe5d440aed85745177593363b69a1504c7360cae11f004b94b3d height=514 version=0x20000000 log2_work=31.214533 tx=515 date='2020-09-02T08:24:10Z' progress=0.000013 cache=0.3MiB(514txo)
2026-04-11T19:36:28Z UpdateTip: new best=000001011cd4fed42ed03b8275f1cf6ca67931d1ca2f2fc387a447c0bc302add height=515 version=0x20000000 log2_work=31.217332 tx=516 date='2020-09-02T08:26:31Z' progress=0.000013 cache=0.3MiB(515txo)
2026-04-11T19:36:28Z UpdateTip: new best=000000be39355385059f347345db961deed2cc21d58bfbe2b0567ee5c308e233 height=516 version=0x20000000 log2_work=31.220125 tx=517 date='2020-09-02T08:29:44Z' progress=0.000013 cache=0.3MiB(516txo)
2026-04-11T19:36:28Z UpdateTip: new best=000002804fafcee42470774d60fbff238f928e79a5afd4acf1a6a9b1586f1217 height=517 version=0x20000000 log2_work=31.222913 tx=518 date='2020-09-02T08:31:53Z' progress=0.000013 cache=0.3MiB(517txo)
2026-04-11T19:36:28Z UpdateTip: new best=0000011537f522c10b8a4077daefbdead4f9d81193aa1c3cb063ff1d34389c8b height=518 version=0x20000000 log2_work=31.225695 tx=519 date='2020-09-02T08:31:59Z' progress=0.000013 cache=0.3MiB(518txo)
2026-04-11T19:36:28Z UpdateTip: new best=0000027450bcdedd13798819ca37ba5b8a2f9af0d85f5528b7aa4ae3189f15c2 height=519 version=0x20000000 log2_work=31.228472 tx=520 date='2020-09-02T08:35:45Z' progress=0.000013 cache=0.3MiB(519txo)
2026-04-11T19:36:28Z UpdateTip: new best=00000373abc09a682edd610e33662e845b72603142a0f4375b67868ef3560e10 height=520 version=0x20000000 log2_work=31.231244 tx=521 date='2020-09-02T08:39:06Z' progress=0.000013 cache=0.3MiB(520txo)
2026-04-11T19:36:28Z UpdateTip: new best=000003201068f19051f6662187b94b7804b14eeca511ef77a93df3221709029c height=521 version=0x20000000 log2_work=31.234011 tx=522 date='2020-09-02T08:39:08Z' progress=0.000013 cache=0.3MiB(521txo)
2026-04-11T19:36:28Z UpdateTip: new best=000001808dfa633906a0b717a764be01a201563862f3571a8267f6e0283f952c height=522 version=0x20000000 log2_work=31.236772 tx=523 date='2020-09-02T08:39:57Z' progress=0.000013 cache=0.3MiB(522txo)
2026-04-11T19:36:28Z UpdateTip: new best=0000036790cac469cbdd51db3d18458e30b5c0336eee5e52ca1f82024772606e height=523 version=0x20000000 log2_work=31.239528 tx=524 date='2020-09-02T08:42:58Z' progress=0.000013 cache=0.3MiB(523txo)
2026-04-11T19:36:28Z UpdateTip: new best=000001484d6aeb3ee2de79614c280067b650304aee52419e6c807d834276b14b height=524 version=0x20000000 log2_work=31.242278 tx=525 date='2020-09-02T09:04:39Z' progress=0.000013 cache=0.3MiB(524txo)
2026-04-11T19:36:28Z UpdateTip: new best=000000faef00619eae76a283ab25071b0b4a79d1815a1d578b02d1d177b42bcd height=525 version=0x20000000 log2_work=31.245024 tx=526 date='2020-09-02T09:05:11Z' progress=0.000013 cache=0.3MiB(525txo)
2026-04-11T19:36:28Z UpdateTip: new best=0000014fb2c23babfcfe186bdce4f7044c00666a67dc31395e85a7377d488d5c height=526 version=0x20000000 log2_work=31.247764 tx=527 date='2020-09-02T09:06:40Z' progress=0.000013 cache=0.3MiB(526txo)
2026-04-11T19:36:28Z UpdateTip: new best=000001b6e8552998a8e1fba8084abf5363ba5fb46cac86b498a6c54ba5e42195 height=527 version=0x20000000 log2_work=31.250499 tx=528 date='2020-09-02T09:07:18Z' progress=0.000013 cache=0.3MiB(527txo)
2026-04-11T19:36:28Z UpdateTip: new best=000001a0100f8e4c2f628d514abd8f7db2dfb55067adb79dd23ead0ae081aec4 height=528 version=0x20000000 log2_work=31.253228 tx=529 date='2020-09-02T09:10:32Z' progress=0.000013 cache=0.3MiB(528txo)
2026-04-11T19:36:28Z UpdateTip: new best=00000180c23368f6d40e47edd7884bccbfae572d4f2b727e7505faba9b9fdf72 height=529 version=0x20000000 log2_work=31.255953 tx=530 date='2020-09-02T09:14:55Z' progress=0.000013 cache=0.3MiB(529txo)
2026-04-11T19:36:28Z UpdateTip: new best=000000c9b1d7ddb832cbccc0e673918241310c67b5c5cf361a50d28e23559de5 height=530 version=0x20000000 log2_work=31.258673 tx=531 date='2020-09-02T09:17:11Z' progress=0.000013 cache=0.3MiB(530txo)
2026-04-11T19:36:28Z UpdateTip: new best=000002dee09302f7326dc378eb56389c68c73e4e23e0b7682ae0be39d94849c0 height=531 version=0x20000000 log2_work=31.261387 tx=532 date='2020-09-02T09:17:26Z' progress=0.000013 cache=0.3MiB(531txo)
2026-04-11T19:36:28Z UpdateTip: new best=00000259d46915500eb538ed36fa540ba464965955341953d3a19117fae87e02 height=532 version=0x20000000 log2_work=31.264096 tx=533 date='2020-09-02T09:19:11Z' progress=0.000013 cache=0.3MiB(532txo)
2026-04-11T19:36:28Z UpdateTip: new best=0000009d4cbc09bad18f918424c5a37edfad6b50de620f7a26be6a37985ad60c height=533 version=0x20000000 log2_work=31.266801 tx=534 date='2020-09-02T09:21:23Z' progress=0.000013 cache=0.3MiB(533txo)
2026-04-11T19:36:28Z UpdateTip: new best=0000034555c41729bed2dda53b499bbceb64b3d4fd98fec1e4e8f3caef4c511e height=534 version=0x20000000 log2_work=31.269500 tx=535 date='2020-09-02T09:21:56Z' progress=0.000013 cache=0.3MiB(534txo)
2026-04-11T19:36:28Z UpdateTip: new best=0000000e71acb5ab7dde74a98ce61416df808ba63f7721cd48bc8a26b7bc47f9 height=535 version=0x20000000 log2_work=31.272194 tx=536 date='2020-09-02T09:22:19Z' progress=0.000013 cache=0.3MiB(535txo)
2026-04-11T19:36:28Z UpdateTip: new best=0000002c6a145be665972a2f7abd5972aaee29ea202c87d38f6f5d9219602af6 height=536 version=0x20000000 log2_work=31.274883 tx=537 date='2020-09-02T09:25:46Z' progress=0.000013 cache=0.3MiB(536txo)
2026-04-11T19:36:28Z UpdateTip: new best=00000089aad1eaa532dbc3ddc718c6fc955e590450f7d466da0041160f27db69 height=537 version=0x20000000 log2_work=31.277567 tx=538 date='2020-09-02T09:26:42Z' progress=0.000013 cache=0.3MiB(537txo)
2026-04-11T19:36:28Z UpdateTip: new best=000001f9cfdf7dfa7515f87a721fe532a6b02de61d6b5fe6b2de2a9e28584bb9 height=538 version=0x20000000 log2_work=31.280246 tx=539 date='2020-09-02T09:30:01Z' progress=0.000013 cache=0.3MiB(538txo)
2026-04-11T19:36:28Z UpdateTip: new best=0000025751b76238c4b3fcc9f97ddfa122812c852d6d618d9510ad2208218340 height=539 version=0x20000000 log2_work=31.282920 tx=540 date='2020-09-02T09:37:50Z' progress=0.000013 cache=0.3MiB(539txo)
2026-04-11T19:36:28Z UpdateTip: new best=000003373a6d56ad10716578e356945f914cfefb6d6f1c0fa271c31492484366 height=540 version=0x20000000 log2_work=31.285589 tx=541 date='2020-09-02T09:52:13Z' progress=0.000013 cache=0.3MiB(540txo)
2026-04-11T19:36:28Z UpdateTip: new best=00000037b0df3cb26a3a4fdd9d28d98f3f4e575125398db5a43cf3ee5ccfd556 height=541 version=0x20000000 log2_work=31.288254 tx=542 date='2020-09-02T09:58:31Z' progress=0.000013 cache=0.3MiB(541txo)
2026-04-11T19:36:28Z UpdateTip: new best=0000000968e67e3a17b3c664090f7def00e04ea0a9794a38f01fd7fa593218bd height=542 version=0x20000000 log2_work=31.290913 tx=543 date='2020-09-02T09:59:34Z' progress=0.000013 cache=0.3MiB(542txo)
2026-04-11T19:36:29Z UpdateTip: new best=000002f66645c48847ba802c801039f31600d2773d1b6f274661bca8f2d43409 height=543 version=0x20000000 log2_work=31.293567 tx=544 date='2020-09-02T10:09:50Z' progress=0.000013 cache=0.3MiB(543txo)
2026-04-11T19:36:29Z UpdateTip: new best=000000162ba433fc73f2850019b6c86f4a37249302b3cae5a41cc2ccadb902a2 height=544 version=0x20000000 log2_work=31.296217 tx=545 date='2020-09-02T10:11:23Z' progress=0.000013 cache=0.3MiB(544txo)
2026-04-11T19:36:29Z UpdateTip: new best=00000298c1b12913a1b6ae54c688ea1bbe2c94ad5af5997cbf00e394c935600e height=545 version=0x20000000 log2_work=31.298862 tx=546 date='2020-09-02T10:16:18Z' progress=0.000013 cache=0.3MiB(545txo)
2026-04-11T19:36:29Z UpdateTip: new best=0000008c5b54efa9a6f0e10b195f2479b09d16303b954a147a9cc3c4c76cc0bc height=546 version=0x20000000 log2_work=31.301502 tx=547 date='2020-09-02T10:16:27Z' progress=0.000014 cache=0.3MiB(546txo)
2026-04-11T19:36:29Z UpdateTip: new best=0000006a86c489d6c376a4c8aaf8a3e9821de2ed434347d44fc05016402e88b2 height=547 version=0x20000000 log2_work=31.304137 tx=548 date='2020-09-02T10:19:05Z' progress=0.000014 cache=0.3MiB(547txo)
2026-04-11T19:36:29Z UpdateTip: new best=00000353454d077636622862056fb71363bb61c7ed70de28a8a028b2dfa423d9 height=548 version=0x20000000 log2_work=31.306767 tx=549 date='2020-09-02T10:20:20Z' progress=0.000014 cache=0.3MiB(548txo)
2026-04-11T19:36:29Z UpdateTip: new best=000000e3a70a7735d8d2ff1dfec819c5e04a5523e2e614a194e541c3e1f518ed height=549 version=0x20000000 log2_work=31.309392 tx=550 date='2020-09-02T10:21:22Z' progress=0.000014 cache=0.3MiB(549txo)
2026-04-11T19:36:29Z UpdateTip: new best=000003368b19e8be7614fe9fe98010159a072543eb5a20e2623181e93fb6b150 height=550 version=0x20000000 log2_work=31.312013 tx=551 date='2020-09-02T10:22:07Z' progress=0.000014 cache=0.3MiB(550txo)
2026-04-11T19:36:29Z UpdateTip: new best=0000023457aa58e70054f323c26f1252510620223dec892cf99e0e10e0c2763c height=551 version=0x20000000 log2_work=31.314629 tx=552 date='2020-09-02T10:23:31Z' progress=0.000014 cache=0.3MiB(551txo)
2026-04-11T19:36:29Z UpdateTip: new best=0000032719a5ede0997da389ddeb438cb5b04ceaa2fec4a2116449c65b73c1b8 height=552 version=0x20000000 log2_work=31.317240 tx=553 date='2020-09-02T10:30:11Z' progress=0.000014 cache=0.3MiB(552txo)
2026-04-11T19:36:29Z UpdateTip: new best=0000005385cf6198c77d68c94839169394ecb21fa0c9965859413c7862eef25c height=553 version=0x20000000 log2_work=31.319847 tx=554 date='2020-09-02T10:31:19Z' progress=0.000014 cache=0.3MiB(553txo)
2026-04-11T19:36:29Z UpdateTip: new best=0000015cf3e2d709b2fb09c6fa973102cbe9aa8961d8df99d8dd3b11ab0f1809 height=554 version=0x20000000 log2_work=31.322449 tx=555 date='2020-09-02T10:31:28Z' progress=0.000014 cache=0.3MiB(554txo)
2026-04-11T19:36:29Z UpdateTip: new best=000001cf1a9ed8d7b12ebb001b48e82a0854e9a1c9e8c3ad61b83de767332a80 height=555 version=0x20000000 log2_work=31.325046 tx=556 date='2020-09-02T10:33:56Z' progress=0.000014 cache=0.3MiB(555txo)
2026-04-11T19:36:29Z UpdateTip: new best=0000022054edf712620e1c07063d9f4c2a512e67a8b7e94d1ee85751afa7cbdc height=556 version=0x20000000 log2_work=31.327638 tx=557 date='2020-09-02T10:37:51Z' progress=0.000014 cache=0.3MiB(556txo)
2026-04-11T19:36:29Z UpdateTip: new best=00000280ff70f1a24566bab7d66eb3322c00047775465adc5f8216af4d3dd7e0 height=557 version=0x20000000 log2_work=31.330226 tx=558 date='2020-09-02T10:44:31Z' progress=0.000014 cache=0.3MiB(557txo)
2026-04-11T19:36:29Z UpdateTip: new best=000000f9bd08a4caf787862f79fa854d17a1de96c294d24394c40b427bc05158 height=558 version=0x20000000 log2_work=31.332809 tx=559 date='2020-09-02T10:46:04Z' progress=0.000014 cache=0.3MiB(558txo)
2026-04-11T19:36:29Z UpdateTip: new best=0000009844077d55f05ff10dbd4bc5df3eef3f22cde68eb6a55e13241e0a0190 height=559 version=0x20000000 log2_work=31.335388 tx=560 date='2020-09-02T10:52:36Z' progress=0.000014 cache=0.3MiB(559txo)
2026-04-11T19:36:29Z UpdateTip: new best=000000cf25324f67d97af99bb858322b62518001e1029507643dcc8800bec523 height=560 version=0x20000000 log2_work=31.337962 tx=561 date='2020-09-02T10:52:59Z' progress=0.000014 cache=0.3MiB(560txo)
2026-04-11T19:36:29Z UpdateTip: new best=0000020a63748ae6b966411467734e940dd7a73bf8af4b6f9e59231400137e0c height=561 version=0x20000000 log2_work=31.340531 tx=562 date='2020-09-02T10:53:10Z' progress=0.000014 cache=0.3MiB(561txo)
2026-04-11T19:36:29Z UpdateTip: new best=000002ad1d77050a1c7345aa1dc1294cdf1d18383cfbbb549d17f32c63204484 height=562 version=0x20000000 log2_work=31.343096 tx=563 date='2020-09-02T10:53:30Z' progress=0.000014 cache=0.3MiB(562txo)
2026-04-11T19:36:29Z UpdateTip: new best=0000020ab343b8b12e8d0af492566f9ece2f756b01749654cf500e6e3b8737ed height=563 version=0x20000000 log2_work=31.345656 tx=564 date='2020-09-02T10:56:00Z' progress=0.000014 cache=0.3MiB(563txo)
2026-04-11T19:36:29Z UpdateTip: new best=00000314ba1205a9036fcf20ee1f8bb3349cd4371b175952a084f0b13f7ec9d9 height=564 version=0x20000000 log2_work=31.348212 tx=565 date='2020-09-02T10:56:27Z' progress=0.000014 cache=0.3MiB(564txo)
2026-04-11T19:36:29Z UpdateTip: new best=0000035ad9a561dd85ad1b3649c49b2f2eb29a988291d4f59ac7faa855c0c6ce height=565 version=0x20000000 log2_work=31.350763 tx=566 date='2020-09-02T11:02:22Z' progress=0.000014 cache=0.3MiB(565txo)
2026-04-11T19:36:29Z UpdateTip: new best=000003065d5334a8f1134ebb0521f96587eb69c7faf12cbc432bb16feb56e494 height=566 version=0x20000000 log2_work=31.353310 tx=567 date='2020-09-02T11:05:34Z' progress=0.000014 cache=0.3MiB(566txo)
2026-04-11T19:36:29Z UpdateTip: new best=00000194850605d60001eecd9f4e9ade1b2871d5b628904713917127a0afde93 height=567 version=0x20000000 log2_work=31.355852 tx=568 date='2020-09-02T11:09:12Z' progress=0.000014 cache=0.3MiB(567txo)
2026-04-11T19:36:29Z UpdateTip: new best=000000955f0375bdd331fc22ab751230b0e21dba3003e334744eb73da552f952 height=568 version=0x20000000 log2_work=31.358389 tx=569 date='2020-09-02T11:10:39Z' progress=0.000014 cache=0.3MiB(568txo)
2026-04-11T19:36:29Z UpdateTip: new best=000001866d8b28d7d1dfa07b8559ff281e570d89c433784ab30c888ac2742b60 height=569 version=0x20000000 log2_work=31.360923 tx=570 date='2020-09-02T11:10:52Z' progress=0.000014 cache=0.3MiB(569txo)
2026-04-11T19:36:29Z UpdateTip: new best=000002c1d0effe7a303889ff3634c58461388d46953264bfec1d6ecf62e51a07 height=570 version=0x20000000 log2_work=31.363452 tx=571 date='2020-09-02T11:26:14Z' progress=0.000014 cache=0.3MiB(570txo)
2026-04-11T19:36:29Z UpdateTip: new best=00000016b95c8a970bcf87304b16e3d18a6155ec2358cba7767dc1cfd7964b9c height=571 version=0x20000000 log2_work=31.365976 tx=572 date='2020-09-02T11:48:05Z' progress=0.000014 cache=0.3MiB(571txo)
2026-04-11T19:36:29Z UpdateTip: new best=000001ffc8dd8774516769221f7caf6ce39061cb4a8be2c530622581f8a65f41 height=572 version=0x20000000 log2_work=31.368496 tx=573 date='2020-09-02T11:48:45Z' progress=0.000014 cache=0.3MiB(572txo)
2026-04-11T19:36:29Z UpdateTip: new best=0000036b3542462983747eb7e7e9fbdc92903983ec406ce695dc395bfbc0916a height=573 version=0x20000000 log2_work=31.371012 tx=574 date='2020-09-02T11:49:40Z' progress=0.000014 cache=0.3MiB(573txo)
2026-04-11T19:36:29Z UpdateTip: new best=0000012dad42a280025bafcd935e6e779e041bbcd70329565d505e838a1fd784 height=574 version=0x20000000 log2_work=31.373523 tx=575 date='2020-09-02T11:58:19Z' progress=0.000014 cache=0.3MiB(574txo)
2026-04-11T19:36:29Z UpdateTip: new best=00000223204865416b8a926350aaf300e8671b2974a96140027c97c9dd761d58 height=575 version=0x20000000 log2_work=31.376030 tx=576 date='2020-09-02T11:59:51Z' progress=0.000014 cache=0.3MiB(575txo)
2026-04-11T19:36:29Z UpdateTip: new best=0000023cc3f3816b01c4b2fa6da342c0e7cf6854c4677b76c327532d689e8383 height=576 version=0x20000000 log2_work=31.378532 tx=577 date='2020-09-02T12:00:37Z' progress=0.000014 cache=0.3MiB(576txo)
2026-04-11T19:36:29Z UpdateTip: new best=000002fefad96b144b54489eaa7329ba57b251ea381f21140c0be0a562c2e865 height=577 version=0x20000000 log2_work=31.381030 tx=578 date='2020-09-02T12:00:59Z' progress=0.000014 cache=0.3MiB(577txo)
2026-04-11T19:36:29Z UpdateTip: new best=0000000bf8111f82842a8065653bcd8ec50bba85adb8e4b8b2fed7ef558ba3d7 height=578 version=0x20000000 log2_work=31.383524 tx=579 date='2020-09-02T12:01:26Z' progress=0.000014 cache=0.3MiB(578txo)
2026-04-11T19:36:29Z UpdateTip: new best=0000029f85232870bbe445a6aa1b31026ec98a01bb3dbdcbd1e1d37fe3af8d6f height=579 version=0x20000000 log2_work=31.386014 tx=580 date='2020-09-02T12:03:41Z' progress=0.000014 cache=0.3MiB(579txo)
2026-04-11T19:36:29Z UpdateTip: new best=00000239661f43895189dae7d40adbf6ca57d4f73f4e45dfb4dbdde5a353d1dd height=580 version=0x20000000 log2_work=31.388499 tx=581 date='2020-09-02T12:15:53Z' progress=0.000014 cache=0.3MiB(580txo)
2026-04-11T19:36:29Z UpdateTip: new best=0000005068cad5c500aec5145be93d224c08a254bd02e52028ad2be6bf61f3f0 height=581 version=0x20000000 log2_work=31.390980 tx=582 date='2020-09-02T12:16:11Z' progress=0.000014 cache=0.3MiB(581txo)
2026-04-11T19:36:29Z UpdateTip: new best=000001c6d6d2d0b64277d091204b06d4492247ac530ef20490270ac67c5434d9 height=582 version=0x20000000 log2_work=31.393457 tx=583 date='2020-09-02T12:17:46Z' progress=0.000014 cache=0.3MiB(582txo)
2026-04-11T19:36:29Z UpdateTip: new best=0000003958e1f953a89e37e333eabe570743399d7ab67e8a07863baaf8988ffc height=583 version=0x20000000 log2_work=31.395929 tx=584 date='2020-09-02T12:22:22Z' progress=0.000014 cache=0.3MiB(583txo)
2026-04-11T19:36:29Z UpdateTip: new best=0000035c4a5d80b53be68f764683c5d65d761f046a4ac9eb915c27b9285cab4c height=584 version=0x20000000 log2_work=31.398397 tx=585 date='2020-09-02T12:25:53Z' progress=0.000014 cache=0.3MiB(584txo)
2026-04-11T19:36:30Z UpdateTip: new best=000002bae48adddd4e23f689fee99b7ac20f6a5fc69fd087a4f91b71e5cc90c1 height=585 version=0x20000000 log2_work=31.400861 tx=586 date='2020-09-02T12:29:51Z' progress=0.000014 cache=0.3MiB(585txo)
2026-04-11T19:36:30Z UpdateTip: new best=000001d247fda059b61adc3240b52803157fcdcf455e2e587649ab65f7e74daa height=586 version=0x20000000 log2_work=31.403321 tx=587 date='2020-09-02T12:30:40Z' progress=0.000014 cache=0.3MiB(586txo)
2026-04-11T19:36:30Z UpdateTip: new best=000000b7314fd0378c4fe591dff2be2f969558b6a73256eae0e27d88299f1ef9 height=587 version=0x20000000 log2_work=31.405777 tx=588 date='2020-09-02T12:31:28Z' progress=0.000015 cache=0.3MiB(587txo)
2026-04-11T19:36:30Z UpdateTip: new best=0000023e9aa80bf3d3955611fc57e0c9af3d0c6b271a06c1d8e02154e67a8ced height=588 version=0x20000000 log2_work=31.408228 tx=589 date='2020-09-02T12:39:19Z' progress=0.000015 cache=0.3MiB(588txo)
2026-04-11T19:36:30Z UpdateTip: new best=000000238b4becabaa971947975c109122c4a94a33a0a125383a6a43f1b3c764 height=589 version=0x20000000 log2_work=31.410676 tx=590 date='2020-09-02T12:41:14Z' progress=0.000015 cache=0.3MiB(589txo)
2026-04-11T19:36:30Z UpdateTip: new best=000003169bc73b4fa6225daf2ec99e12cf0db233c8981ca49921439f4166ee49 height=590 version=0x20000000 log2_work=31.413119 tx=591 date='2020-09-02T12:41:44Z' progress=0.000015 cache=0.3MiB(590txo)
2026-04-11T19:36:30Z UpdateTip: new best=000001838e1008c0c642e7e3714e8becf6364292cf86ed8927ecbab4fa02a188 height=591 version=0x20000000 log2_work=31.415558 tx=592 date='2020-09-02T12:42:03Z' progress=0.000015 cache=0.3MiB(591txo)
2026-04-11T19:36:30Z UpdateTip: new best=00000073294e0e7f5ded12c30404de188e6e5d708dd61c3ead68c6ae6ef55665 height=592 version=0x20000000 log2_work=31.417993 tx=593 date='2020-09-02T12:44:12Z' progress=0.000015 cache=0.3MiB(592txo)
2026-04-11T19:36:30Z UpdateTip: new best=000002fdbbb24bbe971e226d3d074e69eb24089a62d7f74321f580be22edd361 height=593 version=0x20000000 log2_work=31.420424 tx=594 date='2020-09-02T12:54:56Z' progress=0.000015 cache=0.3MiB(593txo)
2026-04-11T19:36:30Z UpdateTip: new best=000002d2ffefb67d93365f97ba57db41ea4dbe1a0898e567001d7f15500e9d0a height=594 version=0x20000000 log2_work=31.422850 tx=595 date='2020-09-02T12:55:45Z' progress=0.000015 cache=0.3MiB(594txo)
2026-04-11T19:36:30Z UpdateTip: new best=00000056894e6bd6f59a0b1abbee67832f6b55559e8be407a363c77cf920169d height=595 version=0x20000000 log2_work=31.425273 tx=596 date='2020-09-02T13:01:32Z' progress=0.000015 cache=0.3MiB(595txo)
2026-04-11T19:36:30Z UpdateTip: new best=000001b9d40c7e8741d19cb61d4ca104d8483bada22c018c8d655e2d6c856762 height=596 version=0x20000000 log2_work=31.427692 tx=597 date='2020-09-02T13:10:23Z' progress=0.000015 cache=0.3MiB(596txo)
2026-04-11T19:36:30Z UpdateTip: new best=0000014e80fa21ce1b77b917a4b1ced4adf4e9327c6c9d932576645dd97a26f8 height=597 version=0x20000000 log2_work=31.430106 tx=598 date='2020-09-02T13:10:41Z' progress=0.000015 cache=0.3MiB(597txo)
2026-04-11T19:36:30Z UpdateTip: new best=0000015dd7b523ea9c808ef15acff2f7b63cbb26cf37f5cb4993213f932303c2 height=598 version=0x20000000 log2_work=31.432517 tx=599 date='2020-09-02T13:16:42Z' progress=0.000015 cache=0.3MiB(598txo)
2026-04-11T19:36:30Z UpdateTip: new best=0000000c4c36d73609e912c5fc4e70f9838672b29fb0dd24ee601af30c7caa59 height=599 version=0x20000000 log2_work=31.434923 tx=600 date='2020-09-02T13:31:58Z' progress=0.000015 cache=0.3MiB(599txo)
2026-04-11T19:36:30Z UpdateTip: new best=00000247971d69927d8a1c4f72c8f08d6d8ec3c4513770b8d1cdac7f0b4408c0 height=600 version=0x20000000 log2_work=31.437326 tx=601 date='2020-09-02T13:32:49Z' progress=0.000015 cache=0.3MiB(600txo)
2026-04-11T19:36:30Z UpdateTip: new best=000000e2581e870b8bf5cd6632c22274f1bba443ff2cc3537e51e24c5049fa00 height=601 version=0x20000000 log2_work=31.439724 tx=602 date='2020-09-02T13:36:30Z' progress=0.000015 cache=0.3MiB(601txo)
2026-04-11T19:36:30Z UpdateTip: new best=000001bf7787fc04fe45c6a276907ecdc4bb37b61949a1ec50ca4742bbe53bef height=602 version=0x20000000 log2_work=31.442119 tx=603 date='2020-09-02T13:46:51Z' progress=0.000015 cache=0.3MiB(602txo)
2026-04-11T19:36:30Z UpdateTip: new best=0000015d41b55cebd0602473ffd6497565ca7d507817e3324b866c1ddf4ac466 height=603 version=0x20000000 log2_work=31.444509 tx=604 date='2020-09-02T14:00:19Z' progress=0.000015 cache=0.3MiB(603txo)
2026-04-11T19:36:30Z UpdateTip: new best=00000373e9a035e7efcb8b4a02098d6673d7d1a5ff073f00be3253f7a46f1eb3 height=604 version=0x20000000 log2_work=31.446896 tx=605 date='2020-09-02T14:05:09Z' progress=0.000015 cache=0.3MiB(604txo)
2026-04-11T19:36:30Z UpdateTip: new best=000000003d4f769d93d99aeacb942325395855f38e9f216ba0331ecc6928ff4c height=605 version=0x20000000 log2_work=31.449279 tx=606 date='2020-09-02T14:05:12Z' progress=0.000015 cache=0.3MiB(605txo)
2026-04-11T19:36:30Z UpdateTip: new best=000001a95ba10b19eafd6546b12243f56a8a96a6314e07881387e2b2262e7e66 height=606 version=0x20000000 log2_work=31.451657 tx=607 date='2020-09-02T14:16:43Z' progress=0.000015 cache=0.3MiB(606txo)
2026-04-11T19:36:30Z UpdateTip: new best=0000022718389f1729a2f29b80fb4014fcc80968bb44b0fe714274c89f6499d2 height=607 version=0x20000000 log2_work=31.454032 tx=608 date='2020-09-02T14:18:21Z' progress=0.000015 cache=0.3MiB(607txo)
2026-04-11T19:36:30Z UpdateTip: new best=000001efb74bf10ddabc59015bdea9a34f46f0851c62fecebdb57d2f646fbbaa height=608 version=0x20000000 log2_work=31.456403 tx=609 date='2020-09-02T14:18:37Z' progress=0.000015 cache=0.3MiB(608txo)
2026-04-11T19:36:30Z UpdateTip: new best=0000012994065d221bca9d576cc5bce8b9e3c8c4b942cbb8705ad2605a9f9294 height=609 version=0x20000000 log2_work=31.458770 tx=610 date='2020-09-02T14:21:24Z' progress=0.000015 cache=0.3MiB(609txo)
2026-04-11T19:36:30Z UpdateTip: new best=0000019c29dfe9499850e0466d7fe24fb8173ea5640454ac2a23faa7e0d59237 height=610 version=0x20000000 log2_work=31.461133 tx=611 date='2020-09-02T14:26:47Z' progress=0.000015 cache=0.3MiB(610txo)
2026-04-11T19:36:30Z UpdateTip: new best=000003472856ac67834a60088a447c346453b6860acb631f673b878b83c3bbe4 height=611 version=0x20000000 log2_work=31.463492 tx=612 date='2020-09-02T14:33:05Z' progress=0.000015 cache=0.3MiB(611txo)
2026-04-11T19:36:30Z UpdateTip: new best=000000b59ec165d4c21e4cec4711549d47dd6d14a08ead99dc6507819557052a height=612 version=0x20000000 log2_work=31.465848 tx=613 date='2020-09-02T14:33:57Z' progress=0.000015 cache=0.3MiB(612txo)
2026-04-11T19:36:30Z UpdateTip: new best=00000178c5d0511828d3f88f08878b61d2d08cf400fd922942c438b5ef8a0ff5 height=613 version=0x20000000 log2_work=31.468199 tx=614 date='2020-09-02T14:34:32Z' progress=0.000015 cache=0.3MiB(613txo)
2026-04-11T19:36:30Z UpdateTip: new best=00000248092ecf4fc25d8d44f1bb02546b9716433908cc74071fac4bf130440e height=614 version=0x20000000 log2_work=31.470547 tx=615 date='2020-09-02T14:35:46Z' progress=0.000015 cache=0.3MiB(614txo)
2026-04-11T19:36:30Z UpdateTip: new best=000002416f5fd7760e578fef8417b75a6314b3c43572052d8689ccf1b3a2755a height=615 version=0x20000000 log2_work=31.472891 tx=616 date='2020-09-02T14:36:35Z' progress=0.000015 cache=0.3MiB(615txo)
2026-04-11T19:36:30Z UpdateTip: new best=0000002fb0ebd8b9ea8cb9d5622e64f690f71d33b80395775211d4e977ed0b3a height=616 version=0x20000000 log2_work=31.475231 tx=617 date='2020-09-02T14:36:38Z' progress=0.000015 cache=0.3MiB(616txo)
2026-04-11T19:36:30Z UpdateTip: new best=00000126e1bda510e8e7a5a6c73a0dfb57513363a037e59382b1e2fa15599224 height=617 version=0x20000000 log2_work=31.477568 tx=618 date='2020-09-02T14:44:29Z' progress=0.000015 cache=0.3MiB(617txo)
2026-04-11T19:36:30Z UpdateTip: new best=0000035d266327b979e97ba5aa495057e3080150e05247150bb00ead03fb36b3 height=618 version=0x20000000 log2_work=31.479900 tx=619 date='2020-09-02T14:44:58Z' progress=0.000015 cache=0.3MiB(618txo)
2026-04-11T19:36:30Z UpdateTip: new best=00000079338925494ce24a5063ec849292b41b4c4f2be02ef45aa12ef9c43493 height=619 version=0x20000000 log2_work=31.482229 tx=620 date='2020-09-02T14:45:07Z' progress=0.000015 cache=0.3MiB(619txo)
2026-04-11T19:36:30Z UpdateTip: new best=000000b96ffa87d02f32f601a1c93e1ad1f60fe614f6a58a1f8ef8daf1aa69c0 height=620 version=0x20000000 log2_work=31.484554 tx=621 date='2020-09-02T14:45:49Z' progress=0.000015 cache=0.3MiB(620txo)
2026-04-11T19:36:30Z UpdateTip: new best=0000022dc0d3d48ead3f389557d05f7367bc26dc64b48e07e21fc705f159566c height=621 version=0x20000000 log2_work=31.486875 tx=622 date='2020-09-02T14:50:50Z' progress=0.000015 cache=0.3MiB(621txo)
2026-04-11T19:36:30Z UpdateTip: new best=0000035dd1da869ae2e22e55a860db50b08b81945db1b88beca5a3bc0f2b5127 height=622 version=0x20000000 log2_work=31.489193 tx=623 date='2020-09-02T14:52:12Z' progress=0.000015 cache=0.3MiB(622txo)
2026-04-11T19:36:31Z UpdateTip: new best=000003275e8cc0a31c0ee5e6250f464e0fcc42d981d2ef4118fdb4ed18e7f983 height=623 version=0x20000000 log2_work=31.491507 tx=624 date='2020-09-02T14:52:26Z' progress=0.000015 cache=0.3MiB(623txo)
2026-04-11T19:36:31Z UpdateTip: new best=000001a36e866099b01e97ffe36e413585801d6738c6f7a338b9c435aed21333 height=624 version=0x20000000 log2_work=31.493817 tx=625 date='2020-09-02T15:00:45Z' progress=0.000015 cache=0.3MiB(624txo)
2026-04-11T19:36:31Z UpdateTip: new best=000002e85b14838e672c11a80fb98fc18b8710c6458bc8bed704320ff02cac9e height=625 version=0x20000000 log2_work=31.496123 tx=626 date='2020-09-02T15:01:00Z' progress=0.000015 cache=0.3MiB(625txo)
2026-04-11T19:36:31Z UpdateTip: new best=00000121d45cf70a574aeeaf1393ef0970220fa59915c6775e2b4af25a927685 height=626 version=0x20000000 log2_work=31.498426 tx=627 date='2020-09-02T15:04:02Z' progress=0.000015 cache=0.3MiB(626txo)
2026-04-11T19:36:31Z UpdateTip: new best=000000c6556d2f9365661c26109c114521e5baad089da18130d2ae100c6b97f2 height=627 version=0x20000000 log2_work=31.500725 tx=628 date='2020-09-02T15:11:12Z' progress=0.000016 cache=0.3MiB(627txo)
2026-04-11T19:36:31Z UpdateTip: new best=0000022ab294155d7833b4086c170326a03c3586140f56bfac3bd28b3fad4122 height=628 version=0x20000000 log2_work=31.503021 tx=629 date='2020-09-02T15:16:09Z' progress=0.000016 cache=0.3MiB(628txo)
2026-04-11T19:36:31Z UpdateTip: new best=000002f6f8662e215e1f043de6fb09b2d83a6c854fd287f42eb4ef0858f425e8 height=629 version=0x20000000 log2_work=31.505313 tx=630 date='2020-09-02T15:20:23Z' progress=0.000016 cache=0.3MiB(629txo)
2026-04-11T19:36:31Z UpdateTip: new best=000000e9c20b510ad01c7f4f9dbfdb06ce37be71aa96fde755ee8893a6b2512c height=630 version=0x20000000 log2_work=31.507601 tx=631 date='2020-09-02T15:20:35Z' progress=0.000016 cache=0.3MiB(630txo)
2026-04-11T19:36:31Z UpdateTip: new best=0000018883f1eb5cdc5551d4567b5b8981b131e0898d35db11b25ef0919dc8b4 height=631 version=0x20000000 log2_work=31.509885 tx=632 date='2020-09-02T15:24:28Z' progress=0.000016 cache=0.3MiB(631txo)
2026-04-11T19:36:31Z UpdateTip: new best=00000097bf148c3434fce28dc302a4d828b8a2537fd48fed447b8756238172f2 height=632 version=0x20000000 log2_work=31.512166 tx=633 date='2020-09-02T15:25:04Z' progress=0.000016 cache=0.3MiB(632txo)
2026-04-11T19:36:31Z UpdateTip: new best=000000383a8522d0ba2ea9fa49e21c44f6f27ec0a95abd142053b0a3d143b7b0 height=633 version=0x20000000 log2_work=31.514444 tx=634 date='2020-09-02T15:25:41Z' progress=0.000016 cache=0.3MiB(633txo)
2026-04-11T19:36:31Z UpdateTip: new best=0000000aa04159fb02b4d1e20a06e49d162a26a271131fd0d3766b02d3c61cad height=634 version=0x20000000 log2_work=31.516717 tx=635 date='2020-09-02T15:25:59Z' progress=0.000016 cache=0.3MiB(634txo)
2026-04-11T19:36:31Z UpdateTip: new best=0000027b54835c93deca3f6b4366df29a5a432651085b2179a08bb69924a74da height=635 version=0x20000000 log2_work=31.518988 tx=636 date='2020-09-02T15:26:31Z' progress=0.000016 cache=0.3MiB(635txo)
2026-04-11T19:36:31Z UpdateTip: new best=000001a12cd86792d140f008ae7a81707f107a4463e1c528564bbf0b17089512 height=636 version=0x20000000 log2_work=31.521254 tx=637 date='2020-09-02T15:31:43Z' progress=0.000016 cache=0.3MiB(636txo)
2026-04-11T19:36:31Z UpdateTip: new best=000002823db117588ffac3e47d77a226271391b2053effdf7e0d8b5490ed6f3f height=637 version=0x20000000 log2_work=31.523517 tx=638 date='2020-09-02T15:39:39Z' progress=0.000016 cache=0.3MiB(637txo)
2026-04-11T19:36:31Z UpdateTip: new best=000001e76b31c7299df35210643b6ed78a6b1d6a457de1d6e8359c9989a4c505 height=638 version=0x20000000 log2_work=31.525777 tx=639 date='2020-09-02T15:41:33Z' progress=0.000016 cache=0.3MiB(638txo)
2026-04-11T19:36:31Z UpdateTip: new best=00000160b25b0d565ea7f94d664e4cee1db0bc114f1cdef1ff788e0fa01e34ae height=639 version=0x20000000 log2_work=31.528033 tx=640 date='2020-09-02T15:46:26Z' progress=0.000016 cache=0.3MiB(639txo)
2026-04-11T19:36:31Z UpdateTip: new best=0000000ee1d3efee6a9d32dc210985e9382bb9e068614e1d12eb583457d02918 height=640 version=0x20000000 log2_work=31.530285 tx=641 date='2020-09-02T15:47:59Z' progress=0.000016 cache=0.3MiB(640txo)
2026-04-11T19:36:31Z UpdateTip: new best=0000019dd04237b6c3db7bf46496141aee502f71ffd2559941ae32bdcc13b7ab height=641 version=0x20000000 log2_work=31.532534 tx=642 date='2020-09-02T15:50:55Z' progress=0.000016 cache=0.3MiB(641txo)
2026-04-11T19:36:31Z UpdateTip: new best=000002fc1798e1a52183f7246cb8fb6dd038f8b991c9bd9b6c3cdd6599d7b558 height=642 version=0x20000000 log2_work=31.534780 tx=643 date='2020-09-02T15:54:58Z' progress=0.000016 cache=0.3MiB(642txo)
2026-04-11T19:36:31Z UpdateTip: new best=00000216f5ac57f2438567559b0ce23107c8cadbc63a64a07bd605a51b0e6bd9 height=643 version=0x20000000 log2_work=31.537021 tx=644 date='2020-09-02T15:57:49Z' progress=0.000016 cache=0.3MiB(643txo)
2026-04-11T19:36:31Z UpdateTip: new best=000000e3ea55ee0fd0e095a16dcd2b06dc50c5390a7ef25fd9449055a748e853 height=644 version=0x20000000 log2_work=31.539260 tx=645 date='2020-09-02T15:59:58Z' progress=0.000016 cache=0.3MiB(644txo)
2026-04-11T19:36:31Z UpdateTip: new best=000000fd0e333b9b4ce3907f90920dcca3f5035df45a1618c85c819f9bb5bbbe height=645 version=0x20000000 log2_work=31.541495 tx=646 date='2020-09-02T16:01:58Z' progress=0.000016 cache=0.3MiB(645txo)
2026-04-11T19:36:31Z UpdateTip: new best=00000095697d9bf4aa4201219900adf633c1767c6f67e89165558372809ff2ec height=646 version=0x20000000 log2_work=31.543726 tx=647 date='2020-09-02T16:05:31Z' progress=0.000016 cache=0.3MiB(646txo)
2026-04-11T19:36:31Z UpdateTip: new best=000001abb5f61e98bff3cc4624e24de17e40606ad145fa743dc053b8581f37bd height=647 version=0x20000000 log2_work=31.545955 tx=648 date='2020-09-02T16:07:24Z' progress=0.000016 cache=0.3MiB(647txo)
2026-04-11T19:36:31Z UpdateTip: new best=0000013fc2a25f1d75d590356a5b85522c706e32dd14f9f754221b9b6c06e6dc height=648 version=0x20000000 log2_work=31.548179 tx=649 date='2020-09-02T16:09:12Z' progress=0.000016 cache=0.3MiB(648txo)
2026-04-11T19:36:31Z UpdateTip: new best=000002499446296a7beb0200763b0243e648d83c6f624a32b9bc4dd2cc19bcaa height=649 version=0x20000000 log2_work=31.550400 tx=650 date='2020-09-02T16:13:37Z' progress=0.000016 cache=0.3MiB(649txo)
2026-04-11T19:36:31Z UpdateTip: new best=0000023efdc14e01040c662cbfe920404116ab47312bf1db95c1db5b005fd034 height=650 version=0x20000000 log2_work=31.552618 tx=651 date='2020-09-02T16:16:53Z' progress=0.000016 cache=0.3MiB(650txo)
2026-04-11T19:36:31Z UpdateTip: new best=00000229c3174174df94a2ad0f884b8b61cd0299a6c164f163d8b370ec16a760 height=651 version=0x20000000 log2_work=31.554833 tx=652 date='2020-09-02T16:17:48Z' progress=0.000016 cache=0.3MiB(651txo)
2026-04-11T19:36:31Z UpdateTip: new best=000002d73b543df5b8cffdfeb2f836749122ef40b2c7fefbbe5f742699484e5b height=652 version=0x20000000 log2_work=31.557044 tx=653 date='2020-09-02T16:18:32Z' progress=0.000016 cache=0.3MiB(652txo)
2026-04-11T19:36:31Z UpdateTip: new best=00000027256ababc1242cdb967af173f60fa0397a0a5b3cb2f66b815c488f197 height=653 version=0x20000000 log2_work=31.559251 tx=654 date='2020-09-02T16:23:20Z' progress=0.000016 cache=0.3MiB(653txo)
2026-04-11T19:36:31Z UpdateTip: new best=0000021b13341d6fc884b8906bc5044afff248ef28459dec63cc28e1f8ead8d5 height=654 version=0x20000000 log2_work=31.561456 tx=655 date='2020-09-02T16:25:52Z' progress=0.000016 cache=0.3MiB(654txo)
2026-04-11T19:36:31Z UpdateTip: new best=000003684c98bd67b84d79cbca79f5a29143920ab3971b18750f32f8545ca0e8 height=655 version=0x20000000 log2_work=31.563657 tx=656 date='2020-09-02T16:37:29Z' progress=0.000016 cache=0.3MiB(655txo)
2026-04-11T19:36:31Z UpdateTip: new best=0000002fa0daba06ae5e240e6861e6fbf07c743e8df729a94bde235442356840 height=656 version=0x20000000 log2_work=31.565854 tx=657 date='2020-09-02T16:40:00Z' progress=0.000016 cache=0.3MiB(656txo)
2026-04-11T19:36:31Z UpdateTip: new best=0000007f4105b1e3be7fb508c01e6758d984f5d66de91903b9601a4b6c82375b height=657 version=0x20000000 log2_work=31.568048 tx=658 date='2020-09-02T16:45:21Z' progress=0.000016 cache=0.3MiB(657txo)
2026-04-11T19:36:31Z UpdateTip: new best=0000015ecc9def89973827f292cc10c751d199f56d41f714158ece3a11ffe0ad height=658 version=0x20000000 log2_work=31.570239 tx=659 date='2020-09-02T16:47:26Z' progress=0.000016 cache=0.3MiB(658txo)
2026-04-11T19:36:31Z UpdateTip: new best=000000411a6d94a27b2054825a2043af5effd3e73fda329273d660db29042198 height=659 version=0x20000000 log2_work=31.572427 tx=660 date='2020-09-02T16:50:58Z' progress=0.000016 cache=0.3MiB(659txo)
2026-04-11T19:36:31Z UpdateTip: new best=00000036e4748893b4d30c74531d0d60e4f3bc7f84786466865a452e9e44a0f7 height=660 version=0x20000000 log2_work=31.574611 tx=661 date='2020-09-02T16:53:41Z' progress=0.000016 cache=0.3MiB(660txo)
2026-04-11T19:36:31Z UpdateTip: new best=000001b15af74d1b3bc3b1e39c5ee06c416b224a72f94debe696e8e3e6b292b2 height=661 version=0x20000000 log2_work=31.576792 tx=662 date='2020-09-02T16:56:34Z' progress=0.000016 cache=0.3MiB(661txo)
2026-04-11T19:36:31Z UpdateTip: new best=0000009e68f8a0be8e84d1cf9238fc71ef9ae224dfe70687476d70c1aa6f01ce height=662 version=0x20000000 log2_work=31.578970 tx=663 date='2020-09-02T16:58:55Z' progress=0.000016 cache=0.3MiB(662txo)
2026-04-11T19:36:31Z UpdateTip: new best=0000027cdd8093b9b784c3185d77ceda3cc103005821d5d44717c7c3523a4511 height=663 version=0x20000000 log2_work=31.581144 tx=664 date='2020-09-02T17:04:31Z' progress=0.000016 cache=0.3MiB(663txo)
2026-04-11T19:36:31Z UpdateTip: new best=0000035985d1481686b0dae75c42e74075956dd1e22a8b3d2099d6e113a1309c height=664 version=0x20000000 log2_work=31.583315 tx=665 date='2020-09-02T17:08:41Z' progress=0.000016 cache=0.3MiB(664txo)
2026-04-11T19:36:31Z UpdateTip: new best=0000015eb28c36cfc86a41c5b47a293bd0403fe02471824092a971f047d5dcbd height=665 version=0x20000000 log2_work=31.585483 tx=666 date='2020-09-02T17:09:05Z' progress=0.000016 cache=0.3MiB(665txo)
2026-04-11T19:36:31Z UpdateTip: new best=0000031dd9fa05555939bb0771857fa245603707eb3c60cd7401a96f19a8ace2 height=666 version=0x20000000 log2_work=31.587648 tx=667 date='2020-09-02T17:09:33Z' progress=0.000016 cache=0.3MiB(666txo)
2026-04-11T19:36:32Z UpdateTip: new best=0000014400e306c504bb3eb9e6e22a30a50507fc73e69e94680e9adc4aabefcf height=667 version=0x20000000 log2_work=31.589809 tx=668 date='2020-09-02T17:14:36Z' progress=0.000016 cache=0.3MiB(667txo)
2026-04-11T19:36:32Z UpdateTip: new best=0000016c8770f51f198f0ea160169353b3492b194dbebb47dfc6a25ac7d08ccb height=668 version=0x20000000 log2_work=31.591967 tx=669 date='2020-09-02T17:15:36Z' progress=0.000017 cache=0.3MiB(668txo)
2026-04-11T19:36:32Z UpdateTip: new best=000001ea4593a9f85c8121b6d0297756339ab3447bcb6c917768542d1ccb62bb height=669 version=0x20000000 log2_work=31.594122 tx=670 date='2020-09-02T17:19:57Z' progress=0.000017 cache=0.3MiB(669txo)
2026-04-11T19:36:32Z UpdateTip: new best=00000265490285d07df3d97eeb4eaff73a35ff4ca1244f33d43be99216563dd0 height=670 version=0x20000000 log2_work=31.596274 tx=671 date='2020-09-02T17:22:13Z' progress=0.000017 cache=0.3MiB(670txo)
2026-04-11T19:36:32Z UpdateTip: new best=0000001b3b76f5e2d731cdcb3872a78a1ded647ce586b782cbb1ab7378b670da height=671 version=0x20000000 log2_work=31.598422 tx=672 date='2020-09-02T17:22:17Z' progress=0.000017 cache=0.3MiB(671txo)
2026-04-11T19:36:32Z UpdateTip: new best=0000002a53a11fd0be39767c788b23ec0255373dc19bad21ba86b3d49502b7f3 height=672 version=0x20000000 log2_work=31.600567 tx=673 date='2020-09-02T17:22:20Z' progress=0.000017 cache=0.3MiB(672txo)
2026-04-11T19:36:32Z UpdateTip: new best=000002abbedb102ebd673b80d7a35b126d2a458818aeaab512f328e088eda9ec height=673 version=0x20000000 log2_work=31.602709 tx=674 date='2020-09-02T17:25:42Z' progress=0.000017 cache=0.3MiB(673txo)
2026-04-11T19:36:32Z UpdateTip: new best=000001a237ddc8a7530ebbec6cef16d7ac4512bf72e4cb2124ea1527e84ab066 height=674 version=0x20000000 log2_work=31.604848 tx=675 date='2020-09-02T17:35:25Z' progress=0.000017 cache=0.3MiB(674txo)
2026-04-11T19:36:32Z UpdateTip: new best=000002a638313f971a28792f2e237bd4b863b81c4c635799708b18fa7e396133 height=675 version=0x20000000 log2_work=31.606984 tx=676 date='2020-09-02T17:36:22Z' progress=0.000017 cache=0.3MiB(675txo)
2026-04-11T19:36:32Z UpdateTip: new best=00000087d09f1b296b50da14d9df8d38eeb4333a5d84ea5395aac6cb475f367b height=676 version=0x20000000 log2_work=31.609117 tx=677 date='2020-09-02T17:37:08Z' progress=0.000017 cache=0.3MiB(676txo)
2026-04-11T19:36:32Z UpdateTip: new best=0000016bb173d93c67fb0c9d69180f995f367fcb78fe92b9c658419f649e5001 height=677 version=0x20000000 log2_work=31.611246 tx=678 date='2020-09-02T17:39:03Z' progress=0.000017 cache=0.3MiB(677txo)
2026-04-11T19:36:32Z UpdateTip: new best=000002405e8b7e3358e96120efb116b10face154499efa4a05b7705fb8cc7f25 height=678 version=0x20000000 log2_work=31.613372 tx=679 date='2020-09-02T17:42:21Z' progress=0.000017 cache=0.3MiB(678txo)
2026-04-11T19:36:32Z UpdateTip: new best=00000146b879dcb059b58a9c80262a9944a7257b8633ae53c9f53cf7ae97b16b height=679 version=0x20000000 log2_work=31.615496 tx=680 date='2020-09-02T17:43:54Z' progress=0.000017 cache=0.3MiB(679txo)
2026-04-11T19:36:32Z UpdateTip: new best=000002d63b97e1c7f5dc48ea3469b3ec41d5947ba9f9f6566fef642a6d0b0121 height=680 version=0x20000000 log2_work=31.617616 tx=681 date='2020-09-02T17:45:42Z' progress=0.000017 cache=0.3MiB(680txo)
2026-04-11T19:36:32Z UpdateTip: new best=000002405f3546af120eb30ce3543ff59d8ca61d5c0eefa35362e4b692ccfd17 height=681 version=0x20000000 log2_work=31.619733 tx=682 date='2020-09-02T17:50:05Z' progress=0.000017 cache=0.3MiB(681txo)
2026-04-11T19:36:32Z UpdateTip: new best=0000032697e05aca50a2b21c28c20fe3b56897a7e566f568a830b93b79136f95 height=682 version=0x20000000 log2_work=31.621846 tx=683 date='2020-09-02T17:50:15Z' progress=0.000017 cache=0.3MiB(682txo)
2026-04-11T19:36:32Z UpdateTip: new best=000000a76194c452a68b96ae694fcc30a18e6915ac65fab2b268ad1215bf9f79 height=683 version=0x20000000 log2_work=31.623957 tx=684 date='2020-09-02T17:51:38Z' progress=0.000017 cache=0.3MiB(683txo)
2026-04-11T19:36:32Z UpdateTip: new best=000002c2cfdaeac222059047d22f94e946f7c2d2cec74ce077f1305edef6c9eb height=684 version=0x20000000 log2_work=31.626065 tx=685 date='2020-09-02T17:56:34Z' progress=0.000017 cache=0.3MiB(684txo)
2026-04-11T19:36:32Z UpdateTip: new best=00000115cc7321b4ae6c206c6a558b36752c682d66eacf4edf604471d95aef71 height=685 version=0x20000000 log2_work=31.628169 tx=686 date='2020-09-02T18:05:19Z' progress=0.000017 cache=0.3MiB(685txo)
2026-04-11T19:36:32Z UpdateTip: new best=00000216e30b3da3f6db98977fa5effc00c5b0276c40b2ec0355a3ddc3dbeeed height=686 version=0x20000000 log2_work=31.630271 tx=687 date='2020-09-02T18:08:46Z' progress=0.000017 cache=0.3MiB(686txo)
2026-04-11T19:36:32Z UpdateTip: new best=000002f6d5155c199fa6c88db119399e4f10a5bedd3f8b1e6251c39f9d412e98 height=687 version=0x20000000 log2_work=31.632369 tx=688 date='2020-09-02T18:12:54Z' progress=0.000017 cache=0.3MiB(687txo)
2026-04-11T19:36:32Z UpdateTip: new best=000000b8d161a714568bdac8d911eca2301532179f4223bdb9026c9ace852682 height=688 version=0x20000000 log2_work=31.634465 tx=689 date='2020-09-02T18:14:43Z' progress=0.000017 cache=0.3MiB(688txo)
2026-04-11T19:36:32Z UpdateTip: new best=000001df8e3ac12997289955ba7b9179a30d1c3449e9b97a2718113816053ce2 height=689 version=0x20000000 log2_work=31.636557 tx=690 date='2020-09-02T18:16:06Z' progress=0.000017 cache=0.3MiB(689txo)
2026-04-11T19:36:32Z UpdateTip: new best=00000041e18e26d4b3dac525e21b6986d73513f5902939ea6c12cd9ac7ccab12 height=690 version=0x20000000 log2_work=31.638646 tx=691 date='2020-09-02T18:22:11Z' progress=0.000017 cache=0.3MiB(690txo)
2026-04-11T19:36:32Z UpdateTip: new best=000002e949cd09ead82692c340c43a1338c6fb8fc031983f3ebb57d004f6d51e height=691 version=0x20000000 log2_work=31.640733 tx=692 date='2020-09-02T18:22:26Z' progress=0.000017 cache=0.3MiB(691txo)
2026-04-11T19:36:32Z UpdateTip: new best=000002093fdf10d7914f67cda72e2d03806e863ff086655d52d0b92774c420d7 height=692 version=0x20000000 log2_work=31.642816 tx=693 date='2020-09-02T18:24:24Z' progress=0.000017 cache=0.3MiB(692txo)
2026-04-11T19:36:32Z UpdateTip: new best=000000626bad234e0622b52227eb7ce1c795567371ebdd4e278c7ab8fd9035dc height=693 version=0x20000000 log2_work=31.644896 tx=694 date='2020-09-02T18:29:08Z' progress=0.000017 cache=0.3MiB(693txo)
2026-04-11T19:36:32Z UpdateTip: new best=000003646fb42e0c52dfb3a6a0ae7da9a136e2f4fe3ea42ff71cce6019ff2a4f height=694 version=0x20000000 log2_work=31.646974 tx=695 date='2020-09-02T18:37:28Z' progress=0.000017 cache=0.3MiB(694txo)
2026-04-11T19:36:32Z UpdateTip: new best=000000861d6ec3b8392fc920e0172d86317b72d1361fcb55a276acfbb815bc9f height=695 version=0x20000000 log2_work=31.649048 tx=696 date='2020-09-02T18:41:59Z' progress=0.000017 cache=0.3MiB(695txo)
2026-04-11T19:36:32Z UpdateTip: new best=000000c42002dfad39b563e04b327b9585be1323ff4415d0c983f62b6a80c7d6 height=696 version=0x20000000 log2_work=31.651119 tx=697 date='2020-09-02T18:42:14Z' progress=0.000017 cache=0.3MiB(696txo)
2026-04-11T19:36:32Z UpdateTip: new best=0000021b4394dca0e814427fe181d73d1d997f5b2eb9690a092d376aaae23e64 height=697 version=0x20000000 log2_work=31.653188 tx=698 date='2020-09-02T18:43:33Z' progress=0.000017 cache=0.3MiB(697txo)
2026-04-11T19:36:32Z UpdateTip: new best=0000023fd359f298972bbee009096f2022865cd08b37129660e6390be7af9015 height=698 version=0x20000000 log2_work=31.655253 tx=699 date='2020-09-02T18:50:17Z' progress=0.000017 cache=0.3MiB(698txo)
2026-04-11T19:36:32Z UpdateTip: new best=000000340168f7663a9f71a265e81c9f973866f18e005e9950a99acd1fa4966d height=699 version=0x20000000 log2_work=31.657316 tx=700 date='2020-09-02T18:50:21Z' progress=0.000017 cache=0.3MiB(699txo)
2026-04-11T19:36:32Z UpdateTip: new best=0000033e71c4e875ad82387a5083c5f318b87a2b290e0d699405d599255b6355 height=700 version=0x20000000 log2_work=31.659375 tx=701 date='2020-09-02T19:02:40Z' progress=0.000017 cache=0.3MiB(700txo)
2026-04-11T19:36:32Z UpdateTip: new best=00000170659a853229367c9ce9f348ac8291006ae5b61268711d24554f62b597 height=701 version=0x20000000 log2_work=31.661432 tx=702 date='2020-09-02T19:04:16Z' progress=0.000017 cache=0.3MiB(701txo)
2026-04-11T19:36:32Z UpdateTip: new best=000000742185635d8f921fb5809a0c60cceb62d112c8a10853aed5a0c2365f09 height=702 version=0x20000000 log2_work=31.663485 tx=703 date='2020-09-02T19:15:56Z' progress=0.000017 cache=0.3MiB(702txo)
2026-04-11T19:36:32Z UpdateTip: new best=00000003e9141b9481d5801ceaeefc155007a37ebff8d34b31b1e06b80194e4e height=703 version=0x20000000 log2_work=31.665536 tx=704 date='2020-09-02T19:18:40Z' progress=0.000017 cache=0.3MiB(703txo)
2026-04-11T19:36:32Z UpdateTip: new best=000002a28cd6cf61e87d769c3047ad5e1eedc6199ddee82131c43f5c60a9f97f height=704 version=0x20000000 log2_work=31.667584 tx=705 date='2020-09-02T19:20:38Z' progress=0.000017 cache=0.3MiB(704txo)
2026-04-11T19:36:32Z UpdateTip: new best=0000005d7b470d9594fc3366a1fe011a59cfd7e484c4a1f283e021bb9f46f939 height=705 version=0x20000000 log2_work=31.669629 tx=706 date='2020-09-02T19:26:22Z' progress=0.000017 cache=0.3MiB(705txo)
2026-04-11T19:36:32Z UpdateTip: new best=0000008c12b66980b2ac1636a68fad7d030befb51c47442baff9a3b7ae11739e height=706 version=0x20000000 log2_work=31.671671 tx=707 date='2020-09-02T19:27:30Z' progress=0.000017 cache=0.3MiB(706txo)
2026-04-11T19:36:32Z UpdateTip: new best=0000007828e1edb97b4fe2703bdf99bc9bd861eb6db0ba5fcd90eadec34e373d height=707 version=0x20000000 log2_work=31.673710 tx=708 date='2020-09-02T19:27:45Z' progress=0.000017 cache=0.3MiB(707txo)
2026-04-11T19:36:32Z UpdateTip: new best=00000210a55b67a85d8b3de32f7a1adb7da6ada01de940bd8ab0ee3f16108a45 height=708 version=0x20000000 log2_work=31.675746 tx=709 date='2020-09-02T19:30:30Z' progress=0.000018 cache=0.3MiB(708txo)
2026-04-11T19:36:32Z UpdateTip: new best=00000253eaeb3184a492abe958c0527523fda862d6953a3bcfcbc85ddc2a040a height=709 version=0x20000000 log2_work=31.677780 tx=710 date='2020-09-02T19:34:01Z' progress=0.000018 cache=0.3MiB(709txo)
2026-04-11T19:36:32Z UpdateTip: new best=00000264b50c28c747cf7feb61f05c470ed550c2f4ccd6ff2261e29224e5f756 height=710 version=0x20000000 log2_work=31.679810 tx=711 date='2020-09-02T19:35:06Z' progress=0.000018 cache=0.3MiB(710txo)
2026-04-11T19:36:32Z UpdateTip: new best=0000014fd520ab4c4ba3e2eda6689e1601c7913d0429ae154a04df5a00f7f24b height=711 version=0x20000000 log2_work=31.681838 tx=712 date='2020-09-02T19:36:27Z' progress=0.000018 cache=0.3MiB(711txo)
2026-04-11T19:36:32Z UpdateTip: new best=0000006af25798b3ae1efd58f4d543edd72cf4bdbb4b5e4732e5f7967ff10d69 height=712 version=0x20000000 log2_work=31.683863 tx=713 date='2020-09-02T19:38:13Z' progress=0.000018 cache=0.3MiB(712txo)
2026-04-11T19:36:32Z UpdateTip: new best=00000190f85997381e3ccb699d483dea5e6685e3b6eb33c3b3b702c667157807 height=713 version=0x20000000 log2_work=31.685885 tx=714 date='2020-09-02T19:38:28Z' progress=0.000018 cache=0.3MiB(713txo)
2026-04-11T19:36:32Z UpdateTip: new best=00000164f041542e62f3fbc0071112f7ffbe9802295a6147e538d40e37cdda6b height=714 version=0x20000000 log2_work=31.687904 tx=715 date='2020-09-02T19:49:01Z' progress=0.000018 cache=0.3MiB(714txo)
2026-04-11T19:36:32Z UpdateTip: new best=000001350a0c2b9b6f5b1358e610b16511d1f086b89cfae396ff45350e958f5c height=715 version=0x20000000 log2_work=31.689920 tx=716 date='2020-09-02T19:52:58Z' progress=0.000018 cache=0.3MiB(715txo)
2026-04-11T19:36:32Z UpdateTip: new best=00000083b2590d72473fab9fcf52a3fdf5ef5a558c9aed4935557310c19fcbc6 height=716 version=0x20000000 log2_work=31.691934 tx=717 date='2020-09-02T19:57:18Z' progress=0.000018 cache=0.3MiB(716txo)
2026-04-11T19:36:32Z UpdateTip: new best=00000013e88061142385d2da2d399a76dba32abed80bc2bf2511c8633b873993 height=717 version=0x20000000 log2_work=31.693945 tx=718 date='2020-09-02T20:07:57Z' progress=0.000018 cache=0.3MiB(717txo)
2026-04-11T19:36:32Z UpdateTip: new best=000000ab28e10077043300ad6f131af6a29a8525f8f86e92e98f9c9b71274157 height=718 version=0x20000000 log2_work=31.695953 tx=719 date='2020-09-02T20:12:49Z' progress=0.000018 cache=0.3MiB(718txo)
2026-04-11T19:36:32Z UpdateTip: new best=0000000ae573988c43947c16cd8c61b88b405ee96e7584644108349a9a7668af height=719 version=0x20000000 log2_work=31.697958 tx=720 date='2020-09-02T20:14:41Z' progress=0.000018 cache=0.3MiB(719txo)
2026-04-11T19:36:33Z UpdateTip: new best=0000002b9fc06b562e24b47cfc10544320d3b87c5587ef75d206dc49061ccaaa height=720 version=0x20000000 log2_work=31.699960 tx=721 date='2020-09-02T20:15:08Z' progress=0.000018 cache=0.3MiB(720txo)
2026-04-11T19:36:33Z UpdateTip: new best=000001b2ce4a9dcb6c860a0a254df3c0e89d3ae8e649ac5dd062f00aa7f9b233 height=721 version=0x20000000 log2_work=31.701960 tx=722 date='2020-09-02T20:16:34Z' progress=0.000018 cache=0.3MiB(721txo)
2026-04-11T19:36:33Z UpdateTip: new best=00000087597add9611ed0d255d2b0538bde6ca217c5ab6a3e3462c8ed6dac7f2 height=722 version=0x20000000 log2_work=31.703956 tx=723 date='2020-09-02T20:16:46Z' progress=0.000018 cache=0.3MiB(722txo)
2026-04-11T19:36:33Z UpdateTip: new best=000000b9cac1483167437c21453e95565c2c5c367cd989601ce9fd4d26d1b40d height=723 version=0x20000000 log2_work=31.705950 tx=724 date='2020-09-02T20:17:56Z' progress=0.000018 cache=0.3MiB(723txo)
2026-04-11T19:36:33Z UpdateTip: new best=000000813f0a7f6c5aaf9f86586c36aabb5aa1aab31893b4a88597cc99ba60d3 height=724 version=0x20000000 log2_work=31.707942 tx=725 date='2020-09-02T20:24:59Z' progress=0.000018 cache=0.3MiB(724txo)
2026-04-11T19:36:33Z UpdateTip: new best=0000026097579d0c1e9d6653978652a6336b152d692da8e3777fec17c39b74c9 height=725 version=0x20000000 log2_work=31.709930 tx=726 date='2020-09-02T20:25:01Z' progress=0.000018 cache=0.3MiB(725txo)
2026-04-11T19:36:33Z UpdateTip: new best=0000015c935fd86957309da51a5af06c451925c52ff48598f4ef027ccbed0e40 height=726 version=0x20000000 log2_work=31.711916 tx=727 date='2020-09-02T20:27:48Z' progress=0.000018 cache=0.3MiB(726txo)
2026-04-11T19:36:33Z UpdateTip: new best=000001feec708018c3cf3b128db14c41d45687d673426a762fff62bf27ac9eda height=727 version=0x20000000 log2_work=31.713899 tx=728 date='2020-09-02T20:29:15Z' progress=0.000018 cache=0.3MiB(727txo)
2026-04-11T19:36:33Z UpdateTip: new best=000001fd85a8ea0820c93acc6cf2db08b9af4fcd3d98bda4c14bdf4a758dae98 height=728 version=0x20000000 log2_work=31.715880 tx=729 date='2020-09-02T20:29:48Z' progress=0.000018 cache=0.3MiB(728txo)
2026-04-11T19:36:33Z UpdateTip: new best=000003493518a72873291a197dd07c86b2acc4cf1fbedb90cd8712e46b8e39ad height=729 version=0x20000000 log2_work=31.717857 tx=730 date='2020-09-02T20:35:10Z' progress=0.000018 cache=0.3MiB(729txo)
2026-04-11T19:36:33Z UpdateTip: new best=000001ea5aad2ecb8daaa7d416540b16cd41ed5b78787910ee9713e74fd40451 height=730 version=0x20000000 log2_work=31.719832 tx=731 date='2020-09-02T20:41:30Z' progress=0.000018 cache=0.3MiB(730txo)
2026-04-11T19:36:33Z UpdateTip: new best=000002d22120d67c2cba4e5d6f1c19baa6b52f120c2752c77e4a3e2d743dc7ae height=731 version=0x20000000 log2_work=31.721804 tx=732 date='2020-09-02T20:47:48Z' progress=0.000018 cache=0.3MiB(731txo)
2026-04-11T19:36:33Z UpdateTip: new best=0000019e2d510f24be8d1e0ff8468ae9b1ff79ceabe53fdb55de7455157bd8d9 height=732 version=0x20000000 log2_work=31.723774 tx=733 date='2020-09-02T20:48:44Z' progress=0.000018 cache=0.3MiB(732txo)
2026-04-11T19:36:33Z UpdateTip: new best=000002436f2071fe2cc9b54a34db2e8ac1176664cbaedf3ee8b5188f74c79df7 height=733 version=0x20000000 log2_work=31.725741 tx=734 date='2020-09-02T20:49:09Z' progress=0.000018 cache=0.3MiB(733txo)
2026-04-11T19:36:33Z UpdateTip: new best=000001ebecb9436aec56ac4506e90109bf53421b0f5c697ba6feb8e11b811bad height=734 version=0x20000000 log2_work=31.727705 tx=735 date='2020-09-02T20:51:55Z' progress=0.000018 cache=0.3MiB(734txo)
2026-04-11T19:36:33Z UpdateTip: new best=000000a155e0bf663b477de9a73b9c888e5ad08ce8140ff4e49301c9eb803172 height=735 version=0x20000000 log2_work=31.729667 tx=736 date='2020-09-02T20:55:36Z' progress=0.000018 cache=0.3MiB(735txo)
2026-04-11T19:36:33Z UpdateTip: new best=000000d371464acaaf1e965affe5518cf14a0b2c87aff922564e7ca3da2b9307 height=736 version=0x20000000 log2_work=31.731625 tx=737 date='2020-09-02T20:56:17Z' progress=0.000018 cache=0.3MiB(736txo)
2026-04-11T19:36:33Z UpdateTip: new best=000001cc029937c19bdcf38517013ced789d620a75e06a0fde1319f58f707449 height=737 version=0x20000000 log2_work=31.733582 tx=738 date='2020-09-02T20:59:15Z' progress=0.000018 cache=0.3MiB(737txo)
2026-04-11T19:36:33Z UpdateTip: new best=0000022257865390302eaf1473a113206b99fdcff21b4f8fc9de47feca181036 height=738 version=0x20000000 log2_work=31.735535 tx=739 date='2020-09-02T21:06:31Z' progress=0.000018 cache=0.3MiB(738txo)
2026-04-11T19:36:33Z UpdateTip: new best=00000271bc7a2164fa60d6e8300b1720fe99f1c92fc9f5b5a4c32692e0c28298 height=739 version=0x20000000 log2_work=31.737486 tx=740 date='2020-09-02T21:09:16Z' progress=0.000018 cache=0.3MiB(739txo)
2026-04-11T19:36:33Z UpdateTip: new best=000002ba960a2800d10125804e4d62005566669d7cd11f2787195811d17cbc72 height=740 version=0x20000000 log2_work=31.739434 tx=741 date='2020-09-02T21:09:38Z' progress=0.000018 cache=0.3MiB(740txo)
2026-04-11T19:36:33Z UpdateTip: new best=000000b7c68127507e8b829488d252e858ea4a47c5848ed3524463ce037a11e1 height=741 version=0x20000000 log2_work=31.741380 tx=742 date='2020-09-02T21:17:47Z' progress=0.000018 cache=0.3MiB(741txo)
2026-04-11T19:36:33Z UpdateTip: new best=0000026d4246d76968412d8dd28a789d41cd8014f4b0ed8622165e3b1694852e height=742 version=0x20000000 log2_work=31.743323 tx=743 date='2020-09-02T21:38:30Z' progress=0.000018 cache=0.3MiB(742txo)
2026-04-11T19:36:33Z UpdateTip: new best=000001ea0c78b5ca29c4ed8f89548c471ea243b3e609a12d7c1639aab7696bb9 height=743 version=0x20000000 log2_work=31.745263 tx=744 date='2020-09-02T21:39:56Z' progress=0.000018 cache=0.3MiB(743txo)
2026-04-11T19:36:33Z UpdateTip: new best=000001dae1a7847982f879569a8060e5ddf374a34264ad4e857aef472bd87c9e height=744 version=0x20000000 log2_work=31.747201 tx=745 date='2020-09-02T21:40:32Z' progress=0.000018 cache=0.3MiB(744txo)
2026-04-11T19:36:33Z UpdateTip: new best=0000031c414c396ed1d7a250caf9b1f9361153a4bdbb4a259ee5037386f0cca7 height=745 version=0x20000000 log2_work=31.749136 tx=746 date='2020-09-02T21:41:06Z' progress=0.000018 cache=0.3MiB(745txo)
2026-04-11T19:36:33Z UpdateTip: new best=000001c45d9a82701d5308da360ab6d40fa7088b25c25706b618724de065ae76 height=746 version=0x20000000 log2_work=31.751069 tx=747 date='2020-09-02T21:42:23Z' progress=0.000018 cache=0.3MiB(746txo)
2026-04-11T19:36:33Z UpdateTip: new best=0000034f9022e257290fa82f8c24c528d38fc7ff941c689c5c50d37afb8c42ca height=747 version=0x20000000 log2_work=31.752999 tx=748 date='2020-09-02T21:42:44Z' progress=0.000018 cache=0.3MiB(747txo)
2026-04-11T19:36:33Z UpdateTip: new best=0000001775398f5d7d7f8a5037e2f07819e7d3f99e0d605f856509b44197fdc3 height=748 version=0x20000000 log2_work=31.754926 tx=749 date='2020-09-02T21:43:09Z' progress=0.000018 cache=0.3MiB(748txo)
2026-04-11T19:36:33Z UpdateTip: new best=0000024d3c62cc3827983ac5a4ab337eb08e86debdab315f5e97f926423faca8 height=749 version=0x20000000 log2_work=31.756851 tx=750 date='2020-09-02T21:44:23Z' progress=0.000019 cache=0.3MiB(749txo)
2026-04-11T19:36:33Z UpdateTip: new best=000000a814ce07e2c788097afa9c520c9620870237d52a9fd692ed5ea3b2a158 height=750 version=0x20000000 log2_work=31.758774 tx=751 date='2020-09-02T21:50:30Z' progress=0.000019 cache=0.3MiB(750txo)
2026-04-11T19:36:33Z UpdateTip: new best=000002ea1e9bac25537ac22fdf4ea4615867bdb30cd70fb2e06453e4f7f4462d height=751 version=0x20000000 log2_work=31.760693 tx=752 date='2020-09-02T21:56:39Z' progress=0.000019 cache=0.3MiB(751txo)
2026-04-11T19:36:33Z UpdateTip: new best=000001382aef7e3d41d23f73aaf5f6118119efb00aeeb41e9888efe1b6c6ce71 height=752 version=0x20000000 log2_work=31.762611 tx=753 date='2020-09-02T21:57:36Z' progress=0.000019 cache=0.3MiB(752txo)
2026-04-11T19:36:33Z UpdateTip: new best=000000d8f5aec3e491bac3265c29b028e742529ddb821ec53754126ef343f322 height=753 version=0x20000000 log2_work=31.764525 tx=754 date='2020-09-02T22:04:10Z' progress=0.000019 cache=0.3MiB(753txo)
2026-04-11T19:36:33Z UpdateTip: new best=0000029cf22cff534a35478dc2cd79718c0d448783568e3b73b4845f96ae29e8 height=754 version=0x20000000 log2_work=31.766437 tx=755 date='2020-09-02T22:20:37Z' progress=0.000019 cache=0.3MiB(754txo)
2026-04-11T19:36:33Z UpdateTip: new best=000001d9302e849e44cff39614e74e5f60fa451a3d3f7213732101992533b761 height=755 version=0x20000000 log2_work=31.768347 tx=756 date='2020-09-02T22:21:31Z' progress=0.000019 cache=0.3MiB(755txo)
2026-04-11T19:36:33Z UpdateTip: new best=0000033b06da560e562677e4604682183aa620de1fc45c7595ea46c9bea3c1cd height=756 version=0x20000000 log2_work=31.770254 tx=757 date='2020-09-02T22:25:32Z' progress=0.000019 cache=0.3MiB(756txo)
2026-04-11T19:36:33Z UpdateTip: new best=000000b3f2f6bcf6b816edb4fa5480fc9df6351b09cd9aa9ec24d8936c5e8028 height=757 version=0x20000000 log2_work=31.772159 tx=758 date='2020-09-02T22:29:38Z' progress=0.000019 cache=0.3MiB(757txo)
2026-04-11T19:36:33Z UpdateTip: new best=0000033c4d2c8930710d1595d368ea383b7e73dc2b5c8a0a3848f88a816a344c height=758 version=0x20000000 log2_work=31.774061 tx=759 date='2020-09-02T22:33:32Z' progress=0.000019 cache=0.3MiB(758txo)
2026-04-11T19:36:33Z UpdateTip: new best=000000342dba3c2707dcf6ff500b5f1249bd228a22b15904d36d6315ac69fd11 height=759 version=0x20000000 log2_work=31.775960 tx=760 date='2020-09-02T22:38:14Z' progress=0.000019 cache=0.3MiB(759txo)
2026-04-11T19:36:33Z UpdateTip: new best=0000028a9817cff8cfd9de637596210830a1f4327ff7c2d6db1c89695fa169d8 height=760 version=0x20000000 log2_work=31.777857 tx=761 date='2020-09-02T22:38:34Z' progress=0.000019 cache=0.3MiB(760txo)
2026-04-11T19:36:33Z UpdateTip: new best=0000007847fce06bb76ed6608fd0a1b17c90596b0b0f638831b172fca0814c52 height=761 version=0x20000000 log2_work=31.779752 tx=762 date='2020-09-02T22:42:54Z' progress=0.000019 cache=0.3MiB(761txo)
2026-04-11T19:36:33Z UpdateTip: new best=000000cb30f7263849dad7317447b20b3fa0396fd215346516f6676386451be4 height=762 version=0x20000000 log2_work=31.781644 tx=763 date='2020-09-02T22:46:20Z' progress=0.000019 cache=0.3MiB(762txo)
2026-04-11T19:36:33Z UpdateTip: new best=000000a62f1e18f2d5857958c4856e5f266e4b594840b4ccb3cc061ffae91923 height=763 version=0x20000000 log2_work=31.783533 tx=764 date='2020-09-02T22:53:18Z' progress=0.000019 cache=0.3MiB(763txo)
2026-04-11T19:36:33Z UpdateTip: new best=000002e00eec02301f0214edf8abfa5194aa4c57a41b3137dcd9ba0b829ccf1f height=764 version=0x20000000 log2_work=31.785421 tx=765 date='2020-09-02T22:54:59Z' progress=0.000019 cache=0.3MiB(764txo)
2026-04-11T19:36:33Z UpdateTip: new best=0000009e8cb6d837149d558153562534ce6a302ebece3e280bd72ae2963fbacc height=765 version=0x20000000 log2_work=31.787305 tx=766 date='2020-09-02T23:01:01Z' progress=0.000019 cache=0.3MiB(765txo)
2026-04-11T19:36:33Z UpdateTip: new best=000001032d739f8764293d82f9ef771642d59cea01f2898997f94ef5f965f760 height=766 version=0x20000000 log2_work=31.789187 tx=767 date='2020-09-02T23:02:10Z' progress=0.000019 cache=0.3MiB(766txo)
2026-04-11T19:36:33Z UpdateTip: new best=0000032c2a56b05a0276523827f93f51004dffdee3f7e00df1398945dc1603ce height=767 version=0x20000000 log2_work=31.791067 tx=768 date='2020-09-02T23:04:20Z' progress=0.000019 cache=0.3MiB(767txo)
2026-04-11T19:36:33Z UpdateTip: new best=000002cf011bdb22144ccebfd0292b8ca043fafb8972d47457dac0c389a2a047 height=768 version=0x20000000 log2_work=31.792944 tx=769 date='2020-09-02T23:05:32Z' progress=0.000019 cache=0.3MiB(768txo)
2026-04-11T19:36:33Z UpdateTip: new best=000002875fec65be73ae5bc645e8b703f7a249184864c636cd5340c16e81d762 height=769 version=0x20000000 log2_work=31.794819 tx=770 date='2020-09-02T23:09:32Z' progress=0.000019 cache=0.3MiB(769txo)
2026-04-11T19:36:33Z UpdateTip: new best=0000023d2562c2980c2610e5cb4460417438d497e850b8f98d02569d5a22e4df height=770 version=0x20000000 log2_work=31.796692 tx=771 date='2020-09-02T23:18:23Z' progress=0.000019 cache=0.3MiB(770txo)
2026-04-11T19:36:33Z UpdateTip: new best=000001ee466f55526de9d5cae9d1b373f3f99777051149f4d1d030dd6f7370f7 height=771 version=0x20000000 log2_work=31.798562 tx=772 date='2020-09-02T23:22:33Z' progress=0.000019 cache=0.3MiB(771txo)
2026-04-11T19:36:34Z UpdateTip: new best=000002ab0c25ced598f9b6e9945a78d0ca9d3d994e88cd7ad61a65d0a0944ebd height=772 version=0x20000000 log2_work=31.800429 tx=773 date='2020-09-02T23:24:29Z' progress=0.000019 cache=0.3MiB(772txo)
2026-04-11T19:36:34Z UpdateTip: new best=0000031eadc0fc9d8c9929baf1ad970ba3033189f1ae409c660e47403c1262ab height=773 version=0x20000000 log2_work=31.802294 tx=774 date='2020-09-02T23:26:22Z' progress=0.000019 cache=0.3MiB(773txo)
2026-04-11T19:36:34Z UpdateTip: new best=000000962b56a8748ac6bebad4600b523354cc4f2fff250c5eedfa198ba56fc6 height=774 version=0x20000000 log2_work=31.804157 tx=775 date='2020-09-02T23:27:06Z' progress=0.000019 cache=0.3MiB(774txo)
2026-04-11T19:36:34Z UpdateTip: new best=000001aad854209885bdba99a9a4a5fc3503df4e4beda0668940b855488f40ea height=775 version=0x20000000 log2_work=31.806017 tx=776 date='2020-09-02T23:28:56Z' progress=0.000019 cache=0.3MiB(775txo)
2026-04-11T19:36:34Z UpdateTip: new best=00000046664696119ecd9b4a1d8f5c8b0e181355cae4ab4ba536302f80bb9320 height=776 version=0x20000000 log2_work=31.807875 tx=777 date='2020-09-02T23:29:35Z' progress=0.000019 cache=0.3MiB(776txo)
2026-04-11T19:36:34Z UpdateTip: new best=000000b2d5c8670002fc29a3dbc2747a5d577c201576aac6975744a5251e2a65 height=777 version=0x20000000 log2_work=31.809731 tx=778 date='2020-09-02T23:39:37Z' progress=0.000019 cache=0.3MiB(777txo)
2026-04-11T19:36:34Z UpdateTip: new best=000001b8090893a83860641d341b462e0d9138761ad80886c38fb42221d5cdb7 height=778 version=0x20000000 log2_work=31.811584 tx=779 date='2020-09-02T23:40:49Z' progress=0.000019 cache=0.3MiB(778txo)
2026-04-11T19:36:34Z UpdateTip: new best=000002f13a8ca6eff5025bfff964713d4ccfa8d247cda6b5982aa953f019187c height=779 version=0x20000000 log2_work=31.813435 tx=780 date='2020-09-02T23:51:08Z' progress=0.000019 cache=0.3MiB(779txo)
2026-04-11T19:36:34Z UpdateTip: new best=000000169888d7306cbae865fc7f9f626d98c0550d5a9b69f97ce2030a70d6cd height=780 version=0x20000000 log2_work=31.815283 tx=781 date='2020-09-02T23:51:19Z' progress=0.000019 cache=0.3MiB(780txo)
2026-04-11T19:36:34Z UpdateTip: new best=00000269b3ca6379fdaa41f7116e6321b7901e2b64bed21cbb01cc4151dbf72a height=781 version=0x20000000 log2_work=31.817129 tx=782 date='2020-09-02T23:52:34Z' progress=0.000019 cache=0.3MiB(781txo)
2026-04-11T19:36:34Z UpdateTip: new best=0000010534c894309604439aa7949a280c95fcbd1463e0c00bd136657cb3928d height=782 version=0x20000000 log2_work=31.818973 tx=783 date='2020-09-02T23:54:59Z' progress=0.000019 cache=0.3MiB(782txo)
2026-04-11T19:36:34Z UpdateTip: new best=00000136741207dc0bd9d1d45e47d86fbb355c303d377b6f8c7e34676131a5e2 height=783 version=0x20000000 log2_work=31.820814 tx=784 date='2020-09-02T23:55:58Z' progress=0.000019 cache=0.3MiB(783txo)
2026-04-11T19:36:34Z UpdateTip: new best=00000239390c803eec4fd9f94a5826f216aa92c2aa8e456b13245da4715d18e8 height=784 version=0x20000000 log2_work=31.822653 tx=785 date='2020-09-02T23:56:54Z' progress=0.000019 cache=0.3MiB(784txo)
2026-04-11T19:36:34Z UpdateTip: new best=000003487d52de736c58ddc20647e146a5fe0ca1dcdbabfc9aac998d6443f2a5 height=785 version=0x20000000 log2_work=31.824490 tx=786 date='2020-09-02T23:57:09Z' progress=0.000019 cache=0.3MiB(785txo)
2026-04-11T19:36:34Z UpdateTip: new best=0000032109618db8063b18fb1258d04991e6a6a675727334b851ff29316af230 height=786 version=0x20000000 log2_work=31.826324 tx=787 date='2020-09-03T00:05:38Z' progress=0.000019 cache=0.3MiB(786txo)
2026-04-11T19:36:34Z UpdateTip: new best=000000010b4e589ed673e6fecf7a81646091e2f1ca96e7ddc35208b46ec85de6 height=787 version=0x20000000 log2_work=31.828156 tx=788 date='2020-09-03T00:06:26Z' progress=0.000019 cache=0.3MiB(787txo)
2026-04-11T19:36:34Z UpdateTip: new best=000002efbd4007bace93d961947604a61a5f109a542c65848ed8457fc59f7b3c height=788 version=0x20000000 log2_work=31.829986 tx=789 date='2020-09-03T00:08:09Z' progress=0.000019 cache=0.3MiB(788txo)
2026-04-11T19:36:34Z UpdateTip: new best=00000350319de4581e73c8f721cb2ddf99fa945ce5d173dd34507e0acf9bba13 height=789 version=0x20000000 log2_work=31.831813 tx=790 date='2020-09-03T00:10:22Z' progress=0.000020 cache=0.3MiB(789txo)
2026-04-11T19:36:34Z UpdateTip: new best=0000028b25699fa75e2e5bcd729d49a84c925529df06f54eeecaac87fc432ed1 height=790 version=0x20000000 log2_work=31.833638 tx=791 date='2020-09-03T00:10:32Z' progress=0.000020 cache=0.3MiB(790txo)
2026-04-11T19:36:34Z UpdateTip: new best=00000262ffef38cb697f85a8fa6ce2deedd1954924371e1296a83872b0dc1b89 height=791 version=0x20000000 log2_work=31.835461 tx=792 date='2020-09-03T00:15:44Z' progress=0.000020 cache=0.3MiB(791txo)
2026-04-11T19:36:34Z UpdateTip: new best=00000100749839d92a3813e7e8b909412898e5ac214f7a9cecbbe063d08d910b height=792 version=0x20000000 log2_work=31.837282 tx=793 date='2020-09-03T00:16:48Z' progress=0.000020 cache=0.3MiB(792txo)
2026-04-11T19:36:34Z UpdateTip: new best=000002c2c57d52107885305d396146534efe783f2f8f95719ea2be07461a3e3c height=793 version=0x20000000 log2_work=31.839100 tx=794 date='2020-09-03T00:17:15Z' progress=0.000020 cache=0.3MiB(793txo)
2026-04-11T19:36:34Z UpdateTip: new best=000001e91b55fa8978ed1526e8861d12f098bc7aa3187769201ac1e8890eea80 height=794 version=0x20000000 log2_work=31.840916 tx=795 date='2020-09-03T00:25:11Z' progress=0.000020 cache=0.3MiB(794txo)
2026-04-11T19:36:34Z UpdateTip: new best=0000004ca500e910d12e5c413896244c64e07d7fdd72809ce2e17b278ae5896d height=795 version=0x20000000 log2_work=31.842729 tx=796 date='2020-09-03T00:25:42Z' progress=0.000020 cache=0.3MiB(795txo)
2026-04-11T19:36:34Z UpdateTip: new best=00000146ca31ced8f50e8d5d7bc49d5040dfdd3ee4ee02632569b5f3bf6c2eee height=796 version=0x20000000 log2_work=31.844540 tx=797 date='2020-09-03T00:26:49Z' progress=0.000020 cache=0.3MiB(796txo)
2026-04-11T19:36:34Z UpdateTip: new best=0000005fba03de4fa863d47ae2bdadd7e3dd4ce9c5ff64d826824616cb683af5 height=797 version=0x20000000 log2_work=31.846350 tx=798 date='2020-09-03T00:26:59Z' progress=0.000020 cache=0.3MiB(797txo)
2026-04-11T19:36:34Z UpdateTip: new best=0000020634038ef2b98ce76c7deca9890ab93b1092c21dfabfc9b41fc2cfca74 height=798 version=0x20000000 log2_work=31.848156 tx=799 date='2020-09-03T00:33:03Z' progress=0.000020 cache=0.3MiB(798txo)
2026-04-11T19:36:34Z UpdateTip: new best=00000163603ea6d54939218f28ba89a21c57b10128d86fdd72f8a9083e49050d height=799 version=0x20000000 log2_work=31.849961 tx=800 date='2020-09-03T00:34:11Z' progress=0.000020 cache=0.3MiB(799txo)
2026-04-11T19:36:34Z UpdateTip: new best=000002d06d570c61c106d99f38f765bd0b43d21cc247aeb519c3d9e0e2be7aa1 height=800 version=0x20000000 log2_work=31.851763 tx=801 date='2020-09-03T00:36:23Z' progress=0.000020 cache=0.3MiB(800txo)
2026-04-11T19:36:34Z UpdateTip: new best=000002f72ed0e1bb332ccb9dcc86044d975699d6fe1250f041fe5f7a4ecde6c0 height=801 version=0x20000000 log2_work=31.853563 tx=802 date='2020-09-03T00:41:35Z' progress=0.000020 cache=0.3MiB(801txo)
2026-04-11T19:36:34Z UpdateTip: new best=000001557595ab4b80a623eb03f827de119cda44406bbed32444fc976f663cca height=802 version=0x20000000 log2_work=31.855361 tx=803 date='2020-09-03T00:45:19Z' progress=0.000020 cache=0.3MiB(802txo)
2026-04-11T19:36:34Z UpdateTip: new best=0000003bf52b287b7006ae3213cc3a5475f993f3634d36fee3d6774c8686eb95 height=803 version=0x20000000 log2_work=31.857156 tx=804 date='2020-09-03T00:46:47Z' progress=0.000020 cache=0.3MiB(803txo)
2026-04-11T19:36:34Z UpdateTip: new best=000002175a3c92e8f67c6aadeb1f355a19d879e034ac7164f7f81cbc80a6b403 height=804 version=0x20000000 log2_work=31.858950 tx=805 date='2020-09-03T00:49:06Z' progress=0.000020 cache=0.3MiB(804txo)
2026-04-11T19:36:34Z UpdateTip: new best=0000026d6d400bd6e053734d580bf48e44426af2fd46b1dcbc050212d01b2d59 height=805 version=0x20000000 log2_work=31.860741 tx=806 date='2020-09-03T00:51:40Z' progress=0.000020 cache=0.3MiB(805txo)
2026-04-11T19:36:35Z UpdateTip: new best=0000021b085c067d0b461397b5cd2ad474b615440e16f0dbd77dcd3b870a91f5 height=806 version=0x20000000 log2_work=31.862529 tx=807 date='2020-09-03T00:53:18Z' progress=0.000020 cache=0.3MiB(806txo)
2026-04-11T19:36:35Z UpdateTip: new best=0000018d542bffe78c0f89effd51fe9c6a1c4a7eef49fdb78545b60bdafd3070 height=807 version=0x20000000 log2_work=31.864316 tx=808 date='2020-09-03T00:55:04Z' progress=0.000020 cache=0.3MiB(807txo)
2026-04-11T19:36:35Z UpdateTip: new best=0000010935a509e144cd38d0585c751f2d3da238c8df78673f53ae75b513e658 height=808 version=0x20000000 log2_work=31.866100 tx=809 date='2020-09-03T00:59:27Z' progress=0.000020 cache=0.3MiB(808txo)
2026-04-11T19:36:35Z UpdateTip: new best=00000261262cd7abc1a1dcf6588164b04c8b50fa90c909a331df69c5f0095b63 height=809 version=0x20000000 log2_work=31.867883 tx=810 date='2020-09-03T01:00:27Z' progress=0.000020 cache=0.3MiB(809txo)
2026-04-11T19:36:35Z UpdateTip: new best=000002458f3fcfa86657286dc4bbe6d3652a1be2d5628c3150fdcf0d19662652 height=810 version=0x20000000 log2_work=31.869663 tx=811 date='2020-09-03T01:01:26Z' progress=0.000020 cache=0.3MiB(810txo)
2026-04-11T19:36:35Z UpdateTip: new best=0000003aef889c1226bbc02230c1b02ef32aac9878d765904d890aa9c5c40e01 height=811 version=0x20000000 log2_work=31.871440 tx=812 date='2020-09-03T01:02:52Z' progress=0.000020 cache=0.3MiB(811txo)
2026-04-11T19:36:35Z UpdateTip: new best=000002103f73fb25b72c0eeeb2301967cf9fffb01f4a298c7d4620fb05bee020 height=812 version=0x20000000 log2_work=31.873216 tx=813 date='2020-09-03T01:03:16Z' progress=0.000020 cache=0.3MiB(812txo)
2026-04-11T19:36:35Z UpdateTip: new best=0000017fcef6f953541291127aec6adfd9af00f9c968ce7b404018039902ed6b height=813 version=0x20000000 log2_work=31.874990 tx=814 date='2020-09-03T01:05:04Z' progress=0.000020 cache=0.3MiB(813txo)
2026-04-11T19:36:35Z UpdateTip: new best=0000016347dbf50b54fae04c9739e9888db0a98895afcbf7e02a21d96fa2b688 height=814 version=0x20000000 log2_work=31.876761 tx=815 date='2020-09-03T01:08:44Z' progress=0.000020 cache=0.3MiB(814txo)
2026-04-11T19:36:35Z UpdateTip: new best=00000264801032892152fc9b696c20258fa4bf32959f41c6d2b2119b1e1b41cd height=815 version=0x20000000 log2_work=31.878530 tx=816 date='2020-09-03T01:09:48Z' progress=0.000020 cache=0.3MiB(815txo)
2026-04-11T19:36:35Z UpdateTip: new best=000002b57ac776a569497042a0a8d44266dacb202bd039f07d0843984e2cc2b2 height=816 version=0x20000000 log2_work=31.880297 tx=817 date='2020-09-03T01:10:25Z' progress=0.000020 cache=0.3MiB(816txo)
2026-04-11T19:36:35Z UpdateTip: new best=000003477ea304405d6963facf0fb26c3f2e961c4ac59ed76ffbf0fd3914cb07 height=817 version=0x20000000 log2_work=31.882062 tx=818 date='2020-09-03T01:12:48Z' progress=0.000020 cache=0.3MiB(817txo)
2026-04-11T19:36:35Z UpdateTip: new best=000001044619f6424f4a2c060bc2152485ec82657396f7a6d324b3fb009b296c height=818 version=0x20000000 log2_work=31.883824 tx=819 date='2020-09-03T01:14:39Z' progress=0.000020 cache=0.3MiB(818txo)
2026-04-11T19:36:35Z UpdateTip: new best=0000024e9b53be96bb06b2cabae704a6db21fb4818f4281addb90f52900110d9 height=819 version=0x20000000 log2_work=31.885585 tx=820 date='2020-09-03T01:16:28Z' progress=0.000020 cache=0.3MiB(819txo)
2026-04-11T19:36:35Z UpdateTip: new best=000001233edd744f282fd20fd67883f2c7b14cab079d03dfa419b706814f7cad height=820 version=0x20000000 log2_work=31.887343 tx=821 date='2020-09-03T01:19:45Z' progress=0.000020 cache=0.3MiB(820txo)
2026-04-11T19:36:35Z UpdateTip: new best=000001222825a23669f7ff1ee7fc78133c9e6803df1a5ddc4f4e4e75220e0332 height=821 version=0x20000000 log2_work=31.889099 tx=822 date='2020-09-03T01:26:58Z' progress=0.000020 cache=0.3MiB(821txo)
2026-04-11T19:36:35Z UpdateTip: new best=0000006ea6f9d1fdd27d150679bacd2ed56505d53a15206031a32bd00208852f height=822 version=0x20000000 log2_work=31.890853 tx=823 date='2020-09-03T01:33:18Z' progress=0.000020 cache=0.3MiB(822txo)
2026-04-11T19:36:35Z UpdateTip: new best=00000167b19be898db0199aa970faacae0a4460c6d083d447764e5bf40197cf2 height=823 version=0x20000000 log2_work=31.892605 tx=824 date='2020-09-03T01:33:55Z' progress=0.000020 cache=0.3MiB(823txo)
2026-04-11T19:36:35Z UpdateTip: new best=000002c6380f6204bf648fecc2f94b32972dcd2d6bb79e960d2c53fb1001541b height=824 version=0x20000000 log2_work=31.894355 tx=825 date='2020-09-03T01:40:02Z' progress=0.000020 cache=0.3MiB(824txo)
2026-04-11T19:36:35Z UpdateTip: new best=000002a9e5d0a844a9bb8deda55ffcbcf48d430ff8066e8348bb2b01d46c64ef height=825 version=0x20000000 log2_work=31.896103 tx=826 date='2020-09-03T01:45:49Z' progress=0.000020 cache=0.3MiB(825txo)
2026-04-11T19:36:35Z UpdateTip: new best=0000031e6312ec24492c8d7933a8d50c786c095efb2e1eb1160b1521d4f217ed height=826 version=0x20000000 log2_work=31.897848 tx=827 date='2020-09-03T01:46:04Z' progress=0.000020 cache=0.3MiB(826txo)
2026-04-11T19:36:35Z UpdateTip: new best=0000005699ff765585eea3cf8e3b835b511b0da125956d26547dd4b60b0b1437 height=827 version=0x20000000 log2_work=31.899592 tx=828 date='2020-09-03T01:47:18Z' progress=0.000020 cache=0.3MiB(827txo)
2026-04-11T19:36:35Z UpdateTip: new best=0000008f437631fa6c06c618a250833b200e1fbf9d22ec5a06921c7040934e6a height=828 version=0x20000000 log2_work=31.901333 tx=829 date='2020-09-03T01:48:51Z' progress=0.000020 cache=0.3MiB(828txo)
2026-04-11T19:36:35Z UpdateTip: new best=0000000c15af7dbfd865f825a2fd9fff3a54bf2d9394ca2a6d51d306d1a43155 height=829 version=0x20000000 log2_work=31.903072 tx=830 date='2020-09-03T01:49:57Z' progress=0.000020 cache=0.3MiB(829txo)
2026-04-11T19:36:35Z UpdateTip: new best=0000012c7c6289a60098c97f6f27d37e0643dae1bcb468aab928a4f294eeee27 height=830 version=0x20000000 log2_work=31.904809 tx=831 date='2020-09-03T01:51:05Z' progress=0.000021 cache=0.3MiB(830txo)
2026-04-11T19:36:35Z UpdateTip: new best=0000032cd2425e953bfb0f767c1180dad6ff14de8a3d9568d0d9b2bd71a067a1 height=831 version=0x20000000 log2_work=31.906544 tx=832 date='2020-09-03T01:56:03Z' progress=0.000021 cache=0.3MiB(831txo)
2026-04-11T19:36:35Z UpdateTip: new best=000002696d2c88d06c1cb8bf387e80e281363ed28f431c14852f5a8be4eb14da height=832 version=0x20000000 log2_work=31.908277 tx=833 date='2020-09-03T01:58:09Z' progress=0.000021 cache=0.3MiB(832txo)
2026-04-11T19:36:35Z UpdateTip: new best=00000053aae1a0df6732de3fde4428b5bf649de89a52eeb5dd7af843151fa5db height=833 version=0x20000000 log2_work=31.910008 tx=834 date='2020-09-03T02:02:13Z' progress=0.000021 cache=0.3MiB(833txo)
2026-04-11T19:36:35Z UpdateTip: new best=000002276d7be4c49aa9f62fae38615aa8edfca348bf4c2448981f078ce0a131 height=834 version=0x20000000 log2_work=31.911737 tx=835 date='2020-09-03T02:02:35Z' progress=0.000021 cache=0.3MiB(834txo)
2026-04-11T19:36:35Z UpdateTip: new best=00000287fe131a42dc69e9fbac5b6755bd736e982ca8f6bdf97790cd11cb3866 height=835 version=0x20000000 log2_work=31.913464 tx=836 date='2020-09-03T02:04:31Z' progress=0.000021 cache=0.3MiB(835txo)
2026-04-11T19:36:35Z UpdateTip: new best=0000029db9d8574c30aadb21b3907ff90097bac0fb925620c66f0128830582d3 height=836 version=0x20000000 log2_work=31.915188 tx=837 date='2020-09-03T02:05:07Z' progress=0.000021 cache=0.3MiB(836txo)
2026-04-11T19:36:35Z UpdateTip: new best=0000031bcd5d14f1ea2132081a27a4dcc696513aa9dbcb72539b4131513447f4 height=837 version=0x20000000 log2_work=31.916911 tx=838 date='2020-09-03T02:08:58Z' progress=0.000021 cache=0.3MiB(837txo)
2026-04-11T19:36:35Z UpdateTip: new best=000002935cd9043d319d87f4602e398531d4dc7dfe2b70e4ab1f539988f670c9 height=838 version=0x20000000 log2_work=31.918632 tx=839 date='2020-09-03T02:11:38Z' progress=0.000021 cache=0.3MiB(838txo)
2026-04-11T19:36:35Z UpdateTip: new best=000002c3c87f860183e4a0d1f21cad88d9840e114090c6d6d6926a8432645624 height=839 version=0x20000000 log2_work=31.920350 tx=840 date='2020-09-03T02:20:21Z' progress=0.000021 cache=0.3MiB(839txo)
2026-04-11T19:36:35Z UpdateTip: new best=0000013c055e410ffdb276af114e127e440d120a4391eef3df3b2826096b1f9f height=840 version=0x20000000 log2_work=31.922067 tx=841 date='2020-09-03T02:26:08Z' progress=0.000021 cache=0.3MiB(840txo)
2026-04-11T19:36:35Z UpdateTip: new best=0000028ec252593251e56caef644648a2288f61e1b32e2397cf8d254d3e60b42 height=841 version=0x20000000 log2_work=31.923781 tx=842 date='2020-09-03T02:27:00Z' progress=0.000021 cache=0.3MiB(841txo)
2026-04-11T19:36:35Z UpdateTip: new best=0000024d309312b1ef23a630c3f97c5a82f41b5cb012947842be455340c11c7f height=842 version=0x20000000 log2_work=31.925493 tx=843 date='2020-09-03T02:27:46Z' progress=0.000021 cache=0.3MiB(842txo)
2026-04-11T19:36:35Z UpdateTip: new best=0000016ebe4d230ced6a6091c6804844b4552abb6d1e236a93f325fffca0b650 height=843 version=0x20000000 log2_work=31.927204 tx=844 date='2020-09-03T02:29:03Z' progress=0.000021 cache=0.3MiB(843txo)
2026-04-11T19:36:35Z UpdateTip: new best=000001ccbf89e8557093ecd80ced9965c5b32dd0e374687669db85b5fbbbadbe height=844 version=0x20000000 log2_work=31.928912 tx=845 date='2020-09-03T02:30:47Z' progress=0.000021 cache=0.3MiB(844txo)
2026-04-11T19:36:35Z UpdateTip: new best=0000006eaaf5bcd3b6507ee80366ad675ed848f8e97d1d82af7e0fdf69d55760 height=845 version=0x20000000 log2_work=31.930618 tx=846 date='2020-09-03T02:33:55Z' progress=0.000021 cache=0.3MiB(845txo)
2026-04-11T19:36:35Z UpdateTip: new best=000000be580c6d688b2ac311061a1800c2887f04b89b0ab1ea6079a0d5a3952c height=846 version=0x20000000 log2_work=31.932323 tx=847 date='2020-09-03T02:34:53Z' progress=0.000021 cache=0.3MiB(846txo)
2026-04-11T19:36:35Z UpdateTip: new best=00000241bc33536a122aaa6356618ae9be9783fab360b241a0419dbd96acd470 height=847 version=0x20000000 log2_work=31.934025 tx=848 date='2020-09-03T02:38:53Z' progress=0.000021 cache=0.3MiB(847txo)
2026-04-11T19:36:35Z UpdateTip: new best=00000050a608c90644e1a7ab0982093669a133eb2c0bf9758121315d396e88a3 height=848 version=0x20000000 log2_work=31.935725 tx=849 date='2020-09-03T02:40:22Z' progress=0.000021 cache=0.3MiB(848txo)
2026-04-11T19:36:35Z UpdateTip: new best=000001d5eeb813b4721f5dd80569a8be10d059b38507468621ca1f5382a6b918 height=849 version=0x20000000 log2_work=31.937424 tx=850 date='2020-09-03T02:42:37Z' progress=0.000021 cache=0.3MiB(849txo)
2026-04-11T19:36:35Z UpdateTip: new best=000001428a51a64a22982b3dffa1522f1f10afbf3814fb6d93e6eac6ff2eb0dd height=850 version=0x20000000 log2_work=31.939120 tx=851 date='2020-09-03T02:44:06Z' progress=0.000021 cache=0.3MiB(850txo)
2026-04-11T19:36:35Z UpdateTip: new best=00000230e5834c7bc119e6c636db64bf4bded3e1e5e35fb402a64ac45b0fa21a height=851 version=0x20000000 log2_work=31.940814 tx=852 date='2020-09-03T02:49:14Z' progress=0.000021 cache=0.3MiB(851txo)
2026-04-11T19:36:36Z UpdateTip: new best=000000e9a65f8135a801e7ea1bfb883c6f24bae092d16f5ea0a8ee1bf478f03f height=852 version=0x20000000 log2_work=31.942507 tx=853 date='2020-09-03T02:49:28Z' progress=0.000021 cache=0.3MiB(852txo)
2026-04-11T19:36:36Z UpdateTip: new best=000000980aba669f182fd71f641df54b28ccec0ff4f6fccec51329fc60b21389 height=853 version=0x20000000 log2_work=31.944197 tx=854 date='2020-09-03T02:49:52Z' progress=0.000021 cache=0.3MiB(853txo)
2026-04-11T19:36:36Z UpdateTip: new best=000000d63b837e747cbcc1c3a300e323a96ecd6c632a72b7ce204f8e660a256b height=854 version=0x20000000 log2_work=31.945885 tx=855 date='2020-09-03T02:57:49Z' progress=0.000021 cache=0.3MiB(854txo)
2026-04-11T19:36:36Z UpdateTip: new best=00000074f509589f407bd9443138c2fdc8684476a33b4999aeb21e1dac450aab height=855 version=0x20000000 log2_work=31.947572 tx=856 date='2020-09-03T02:59:32Z' progress=0.000021 cache=0.3MiB(855txo)
2026-04-11T19:36:36Z UpdateTip: new best=000001ad96ec199c2c5d8e74cdbf6359fabeb9cb9de25a56416a40e107ba095f height=856 version=0x20000000 log2_work=31.949256 tx=857 date='2020-09-03T03:00:21Z' progress=0.000021 cache=0.3MiB(856txo)
2026-04-11T19:36:36Z UpdateTip: new best=00000034a7fe9e764a343deed47f447ca1ac8cb0d9fe7d9fc7c865657edfd038 height=857 version=0x20000000 log2_work=31.950938 tx=858 date='2020-09-03T03:10:11Z' progress=0.000021 cache=0.3MiB(857txo)
2026-04-11T19:36:36Z UpdateTip: new best=00000354da1d116c713c7e330cc8235044ca10089ac49e333986419e6fcc0729 height=858 version=0x20000000 log2_work=31.952619 tx=859 date='2020-09-03T03:16:55Z' progress=0.000021 cache=0.3MiB(858txo)
2026-04-11T19:36:36Z UpdateTip: new best=000002849864a4023d64dcd38100be514a4a0136b53587f3f9f2f8b88b555492 height=859 version=0x20000000 log2_work=31.954297 tx=860 date='2020-09-03T03:22:33Z' progress=0.000021 cache=0.3MiB(859txo)
2026-04-11T19:36:36Z UpdateTip: new best=0000020177d17f1cbe7ca1a2cb61cdc4d64894edb37778d40db9bd8e1b7a00f7 height=860 version=0x20000000 log2_work=31.955974 tx=861 date='2020-09-03T03:28:31Z' progress=0.000021 cache=0.3MiB(860txo)
2026-04-11T19:36:36Z UpdateTip: new best=00000350df2debfb0c9bd8161600f3149911234b26341aa2220f2a9ad6537b8b height=861 version=0x20000000 log2_work=31.957649 tx=862 date='2020-09-03T03:29:20Z' progress=0.000021 cache=0.3MiB(861txo)
2026-04-11T19:36:36Z UpdateTip: new best=000002ea5232995291e85074de94a2a335b8500c9480bbfde57e7376d7df44f4 height=862 version=0x20000000 log2_work=31.959321 tx=863 date='2020-09-03T03:34:12Z' progress=0.000021 cache=0.3MiB(862txo)
2026-04-11T19:36:36Z UpdateTip: new best=0000032622e7c7f5d6e2b41f7d2d93f4ef7e0cc363ffc0eec2b41bf9d9676ef0 height=863 version=0x20000000 log2_work=31.960992 tx=864 date='2020-09-03T03:36:39Z' progress=0.000021 cache=0.3MiB(863txo)
2026-04-11T19:36:36Z UpdateTip: new best=000000f57f62fcfbd61bfcbfeb56d106242a5f423237891ec5deda668f69b10e height=864 version=0x20000000 log2_work=31.962661 tx=865 date='2020-09-03T03:43:57Z' progress=0.000021 cache=0.3MiB(864txo)
2026-04-11T19:36:36Z UpdateTip: new best=00000078fdc8f737466ee85e3f9101f91dbc08072541413ddd002772cb29d37a height=865 version=0x20000000 log2_work=31.964328 tx=866 date='2020-09-03T03:51:22Z' progress=0.000021 cache=0.3MiB(865txo)
2026-04-11T19:36:36Z UpdateTip: new best=00000173925ba86fb110c091e6289cefd2ca2716ee80e79277c70e53fd924b62 height=866 version=0x20000000 log2_work=31.965993 tx=867 date='2020-09-03T03:53:17Z' progress=0.000021 cache=0.3MiB(866txo)
2026-04-11T19:36:36Z UpdateTip: new best=0000034642e70b881b565bc7d0ca2d2bb59e03b65863754c9af4a00be0d36db2 height=867 version=0x20000000 log2_work=31.967656 tx=868 date='2020-09-03T03:58:14Z' progress=0.000021 cache=0.3MiB(867txo)
2026-04-11T19:36:36Z UpdateTip: new best=00000315bf0dad815c31844a3c7125b8b76ec38dd735c37529c2d9dede97ac90 height=868 version=0x20000000 log2_work=31.969317 tx=869 date='2020-09-03T04:06:12Z' progress=0.000021 cache=0.3MiB(868txo)
2026-04-11T19:36:36Z UpdateTip: new best=000000206bd9b843c551f677bf87f71c40fca4d1f86f7e4e3eb66c4849bd11c5 height=869 version=0x20000000 log2_work=31.970976 tx=870 date='2020-09-03T04:10:41Z' progress=0.000021 cache=0.3MiB(869txo)
2026-04-11T19:36:36Z UpdateTip: new best=0000022d348919b3627cccf7ec7fd3d507708749168c7605fbf5bc3650bece7a height=870 version=0x20000000 log2_work=31.972633 tx=871 date='2020-09-03T04:11:16Z' progress=0.000022 cache=0.3MiB(870txo)
2026-04-11T19:36:36Z UpdateTip: new best=00000158e467d467002886266e95371acc6e12341b0c65bbfa4b23944f2dea7d height=871 version=0x20000000 log2_work=31.974289 tx=872 date='2020-09-03T04:11:37Z' progress=0.000022 cache=0.3MiB(871txo)
2026-04-11T19:36:36Z UpdateTip: new best=00000091b3178f9051a7b2a16f834cb78be76f8020e66f7635ec750af733097a height=872 version=0x20000000 log2_work=31.975942 tx=873 date='2020-09-03T04:15:18Z' progress=0.000022 cache=0.3MiB(872txo)
2026-04-11T19:36:36Z UpdateTip: new best=0000003d4374c159a22e8b6bc744bb2ca28b96f4314223708893871d85dbfa3a height=873 version=0x20000000 log2_work=31.977594 tx=874 date='2020-09-03T04:19:49Z' progress=0.000022 cache=0.3MiB(873txo)
2026-04-11T19:36:36Z UpdateTip: new best=00000015b4a3bfded9f6fb8504378c8ea6d70b99333f57ce2f8725e8fd57cec3 height=874 version=0x20000000 log2_work=31.979244 tx=875 date='2020-09-03T04:23:00Z' progress=0.000022 cache=0.3MiB(874txo)
2026-04-11T19:36:36Z UpdateTip: new best=0000002a547d149055fb343c0d8eebafc269549babd2389432dcb50344f49f7b height=875 version=0x20000000 log2_work=31.980892 tx=876 date='2020-09-03T04:27:52Z' progress=0.000022 cache=0.3MiB(875txo)
2026-04-11T19:36:36Z UpdateTip: new best=0000014c545c2a02c4cb9451307eaa070aa7bc5c0191d63a6aa81e6bfa02bec9 height=876 version=0x20000000 log2_work=31.982538 tx=877 date='2020-09-03T04:28:02Z' progress=0.000022 cache=0.3MiB(876txo)
2026-04-11T19:36:36Z UpdateTip: new best=00000023d5f761025f724b3abf5c3c0bc16aecd28d4acfc883ab1ac4cabd4654 height=877 version=0x20000000 log2_work=31.984182 tx=878 date='2020-09-03T04:33:43Z' progress=0.000022 cache=0.3MiB(877txo)
2026-04-11T19:36:36Z UpdateTip: new best=000002d157209676ac8580aeeb5fec3c8f7e6468aac391de9b6d11ae1d0af847 height=878 version=0x20000000 log2_work=31.985824 tx=879 date='2020-09-03T04:36:34Z' progress=0.000022 cache=0.3MiB(878txo)
2026-04-11T19:36:36Z UpdateTip: new best=00000284e2ba0604a9e81cd403c429212cc2eaf5382bac1d52724219c3eb2727 height=879 version=0x20000000 log2_work=31.987464 tx=880 date='2020-09-03T04:45:47Z' progress=0.000022 cache=0.3MiB(879txo)
2026-04-11T19:36:36Z UpdateTip: new best=00000161ad9d07938abc29cb2b1e8fee02a5bc726154863a75fabb66e4818a47 height=880 version=0x20000000 log2_work=31.989103 tx=881 date='2020-09-03T04:48:58Z' progress=0.000022 cache=0.3MiB(880txo)
2026-04-11T19:36:36Z UpdateTip: new best=0000035da89116ab80a530bfddfd90d7d65d60dc77628738a2e65b257f2d3d45 height=881 version=0x20000000 log2_work=31.990739 tx=882 date='2020-09-03T04:51:35Z' progress=0.000022 cache=0.3MiB(881txo)
2026-04-11T19:36:36Z UpdateTip: new best=00000149550faddd2f71053bc3b2d9bca237b64f6d2d43998d2ae53174445ec4 height=882 version=0x20000000 log2_work=31.992374 tx=883 date='2020-09-03T04:51:55Z' progress=0.000022 cache=0.3MiB(882txo)
2026-04-11T19:36:36Z UpdateTip: new best=000002b4d39d1ef13aa1596bfc31467eb39525c0f5c6bbfe03885c998c258fe0 height=883 version=0x20000000 log2_work=31.994007 tx=884 date='2020-09-03T04:59:07Z' progress=0.000022 cache=0.3MiB(883txo)
2026-04-11T19:36:36Z UpdateTip: new best=000002cb5da03743a28ea10ca161f0dfc0286cbf89074956b24e43d203db923a height=884 version=0x20000000 log2_work=31.995638 tx=885 date='2020-09-03T05:02:44Z' progress=0.000022 cache=0.3MiB(884txo)
2026-04-11T19:36:36Z UpdateTip: new best=000002f2199e11fb531eb902aa04412a91b3a7b12252cccefaaa442beaaf390c height=885 version=0x20000000 log2_work=31.997267 tx=886 date='2020-09-03T05:06:45Z' progress=0.000022 cache=0.3MiB(885txo)
2026-04-11T19:36:36Z UpdateTip: new best=0000015cdc896c56991bfcdcd34eb34cd4c592eba21f3f62918d7a945ce4cfee height=886 version=0x20000000 log2_work=31.998895 tx=887 date='2020-09-03T05:09:06Z' progress=0.000022 cache=0.3MiB(886txo)
2026-04-11T19:36:36Z UpdateTip: new best=0000001c3bb5d99f73b292a3cc49839f17415dd0e17fb36f5405ca1c1d3d4ab7 height=887 version=0x20000000 log2_work=32.000520 tx=888 date='2020-09-03T05:15:13Z' progress=0.000022 cache=0.3MiB(887txo)
2026-04-11T19:36:36Z UpdateTip: new best=0000017f4733f6e70075ac78d20ffddfca5b932fbbae56d284b88f01f2ddcc07 height=888 version=0x20000000 log2_work=32.002144 tx=889 date='2020-09-03T05:15:30Z' progress=0.000022 cache=0.3MiB(888txo)
2026-04-11T19:36:36Z UpdateTip: new best=0000016f97ac09a386efda521152b156c5c075b058210085ddb1454650bd1044 height=889 version=0x20000000 log2_work=32.003766 tx=890 date='2020-09-03T05:20:27Z' progress=0.000022 cache=0.3MiB(889txo)
2026-04-11T19:36:36Z UpdateTip: new best=0000027773328887aaf9425c5520151688a0c1fcf728f0bae30ca2dafb59451c height=890 version=0x20000000 log2_work=32.005386 tx=891 date='2020-09-03T05:21:26Z' progress=0.000022 cache=0.3MiB(890txo)
2026-04-11T19:36:36Z UpdateTip: new best=000002643efef07974d6bdf0fc4f1cafb83360ab23b66d3a7165ee523f795da4 height=891 version=0x20000000 log2_work=32.007004 tx=892 date='2020-09-03T05:27:35Z' progress=0.000022 cache=0.3MiB(891txo)
2026-04-11T19:36:36Z UpdateTip: new best=0000011b26e4d19315ae5d35435b03ac93188660d690323b0e9e45ab9d28869a height=892 version=0x20000000 log2_work=32.008621 tx=893 date='2020-09-03T05:29:10Z' progress=0.000022 cache=0.3MiB(892txo)
2026-04-11T19:36:37Z UpdateTip: new best=0000016203194667ea8048835930bc57e612ba498bc97dc4dd97f1cd85932d01 height=893 version=0x20000000 log2_work=32.010236 tx=894 date='2020-09-03T05:32:08Z' progress=0.000022 cache=0.3MiB(893txo)
2026-04-11T19:36:37Z UpdateTip: new best=00000030f353b773742c1f3a6a290bf53c68e6ffcca6bfe35b6319a3d3890a7b height=894 version=0x20000000 log2_work=32.011848 tx=895 date='2020-09-03T05:32:43Z' progress=0.000022 cache=0.3MiB(894txo)
2026-04-11T19:36:37Z UpdateTip: new best=000001f137fc9fbbb6bff34bb9a4045c17c9ac713c5eb1dbc873ff448fe151b4 height=895 version=0x20000000 log2_work=32.013459 tx=896 date='2020-09-03T05:32:46Z' progress=0.000022 cache=0.3MiB(895txo)
2026-04-11T19:36:37Z UpdateTip: new best=0000023c486e0291c0ef31ae37f37fd7d935d3b0ffeb1a95fcdf59dbb1bd2a60 height=896 version=0x20000000 log2_work=32.015069 tx=897 date='2020-09-03T05:33:41Z' progress=0.000022 cache=0.3MiB(896txo)
2026-04-11T19:36:37Z UpdateTip: new best=0000016c3da0101c0b507766dc4dacbc888ab65cc4ac4210b00bfc6bae0aab8f height=897 version=0x20000000 log2_work=32.016676 tx=898 date='2020-09-03T05:35:03Z' progress=0.000022 cache=0.3MiB(897txo)
2026-04-11T19:36:37Z UpdateTip: new best=00000110dbb29e0067fd956d2470db028b29af4cce597d55aa57c0d43fa007f8 height=898 version=0x20000000 log2_work=32.018282 tx=899 date='2020-09-03T05:35:21Z' progress=0.000022 cache=0.3MiB(898txo)
2026-04-11T19:36:37Z UpdateTip: new best=0000008a9ca8bffe915453c41d8c45bda2794119b4c14625c9018a4b4c2d25ff height=899 version=0x20000000 log2_work=32.019886 tx=900 date='2020-09-03T05:40:33Z' progress=0.000022 cache=0.3MiB(899txo)
2026-04-11T19:36:37Z UpdateTip: new best=000000004f7ab23dbca19a186a3bcef4d5a389e53b94b0ff3f32915cab67804b height=900 version=0x20000000 log2_work=32.021488 tx=901 date='2020-09-03T05:41:25Z' progress=0.000022 cache=0.3MiB(900txo)
2026-04-11T19:36:37Z UpdateTip: new best=000001d8ed4c8f232c2df0c0cde3c173e5d407b51b3f8242adec93b00a946c1e height=901 version=0x20000000 log2_work=32.023088 tx=902 date='2020-09-03T05:48:53Z' progress=0.000022 cache=0.3MiB(901txo)
2026-04-11T19:36:37Z UpdateTip: new best=0000002a9fc3ca3bc153121a26b0bf5817dfb1fddfc5ba5ff6d2da5fcd59cefa height=902 version=0x20000000 log2_work=32.024687 tx=903 date='2020-09-03T05:52:42Z' progress=0.000022 cache=0.3MiB(902txo)
2026-04-11T19:36:37Z UpdateTip: new best=0000028e3468cb68e2174dd8bba358ab2abc1b0646eca30273e655f87c646c34 height=903 version=0x20000000 log2_work=32.026284 tx=904 date='2020-09-03T06:00:03Z' progress=0.000022 cache=0.3MiB(903txo)
2026-04-11T19:36:37Z UpdateTip: new best=000000655b68b250cb25c9b8ca0bf4ce341b1c1f54c859812fb136fd5e72aff1 height=904 version=0x20000000 log2_work=32.027879 tx=905 date='2020-09-03T06:03:43Z' progress=0.000022 cache=0.3MiB(904txo)
2026-04-11T19:36:37Z UpdateTip: new best=0000008e2c0dde008de55731a0418215485382a1ed1c57d9f3df86b8393d8fa9 height=905 version=0x20000000 log2_work=32.029472 tx=906 date='2020-09-03T06:06:19Z' progress=0.000022 cache=0.3MiB(905txo)
2026-04-11T19:36:37Z UpdateTip: new best=0000012186065359891af5f32f3130135082604ec01a8e936b29f10b23466ffa height=906 version=0x20000000 log2_work=32.031063 tx=907 date='2020-09-03T06:08:50Z' progress=0.000022 cache=0.3MiB(906txo)
2026-04-11T19:36:37Z UpdateTip: new best=00000159728872bdf5321b35bb50505d1faede971cc437a1e322efa8c8314024 height=907 version=0x20000000 log2_work=32.032653 tx=908 date='2020-09-03T06:09:37Z' progress=0.000022 cache=0.3MiB(907txo)
2026-04-11T19:36:37Z UpdateTip: new best=0000034f61b8decdba97fb239566a778b0a6f4a3a78f3c55a9316f0c31d3bdcd height=908 version=0x20000000 log2_work=32.034241 tx=909 date='2020-09-03T06:10:34Z' progress=0.000022 cache=0.3MiB(908txo)
2026-04-11T19:36:37Z UpdateTip: new best=00000302325085c5b993d64e4b9a9a64fe96f1294acbaa06a22fa4430d35df97 height=909 version=0x20000000 log2_work=32.035827 tx=910 date='2020-09-03T06:16:32Z' progress=0.000022 cache=0.3MiB(909txo)
2026-04-11T19:36:37Z UpdateTip: new best=000001ac2998fa24b7eaedf0fd556a5834c1d9b9276225484b69069a979ad612 height=910 version=0x20000000 log2_work=32.037412 tx=911 date='2020-09-03T06:18:14Z' progress=0.000022 cache=0.3MiB(910txo)
2026-04-11T19:36:37Z UpdateTip: new best=0000000d6028d6db92d491efaf86bb3a304a4daaa622303822f598641b304f70 height=911 version=0x20000000 log2_work=32.038995 tx=912 date='2020-09-03T06:18:55Z' progress=0.000023 cache=0.3MiB(911txo)
2026-04-11T19:36:37Z UpdateTip: new best=0000013d70f8fbfdc051e22ad5c5c52056e09033a92bf80c188e5a409ab1a6b1 height=912 version=0x20000000 log2_work=32.040576 tx=913 date='2020-09-03T06:37:15Z' progress=0.000023 cache=0.3MiB(912txo)
2026-04-11T19:36:37Z UpdateTip: new best=00000236ccc6bec67966c66b661dab78cf65081d0a9984550a121e1cd6809388 height=913 version=0x20000000 log2_work=32.042155 tx=914 date='2020-09-03T06:39:23Z' progress=0.000023 cache=0.3MiB(913txo)
2026-04-11T19:36:37Z UpdateTip: new best=000000a32f6c4efcc0e338a7fd54dcaf5f63973bb3267f7810740d76c58aad87 height=914 version=0x20000000 log2_work=32.043733 tx=915 date='2020-09-03T06:44:50Z' progress=0.000023 cache=0.3MiB(914txo)
2026-04-11T19:36:37Z UpdateTip: new best=000000f6b843fd25500abbb001e8262e6826e760624d742c9fb7794e62e6e749 height=915 version=0x20000000 log2_work=32.045308 tx=916 date='2020-09-03T06:46:34Z' progress=0.000023 cache=0.3MiB(915txo)
2026-04-11T19:36:37Z UpdateTip: new best=00000237e01b3da8ba1b164ed55e45227dc4d4c07ceebd0b7ed779ee6aec0647 height=916 version=0x20000000 log2_work=32.046883 tx=917 date='2020-09-03T06:59:07Z' progress=0.000023 cache=0.3MiB(916txo)
2026-04-11T19:36:37Z UpdateTip: new best=00000302f88e9605b776122c8fd96a52f243ad909177d66e2fd401450ee66324 height=917 version=0x20000000 log2_work=32.048455 tx=918 date='2020-09-03T07:02:12Z' progress=0.000023 cache=0.3MiB(917txo)
2026-04-11T19:36:37Z UpdateTip: new best=00000292f9bae347a11a59730b6e454e3fc91ebc262cc8a4f1470ee35e893239 height=918 version=0x20000000 log2_work=32.050026 tx=919 date='2020-09-03T07:04:03Z' progress=0.000023 cache=0.3MiB(918txo)
2026-04-11T19:36:37Z UpdateTip: new best=000002f0b5d6b4c3b274d6b4ece0621c3295698a356c5f0b4bb2ffaefa41d6e9 height=919 version=0x20000000 log2_work=32.051595 tx=920 date='2020-09-03T07:04:43Z' progress=0.000023 cache=0.3MiB(919txo)
2026-04-11T19:36:37Z UpdateTip: new best=0000017d98d7ec9cdb85d9a3acbbe1dcc1164555caffa87a4c2597be850ff5de height=920 version=0x20000000 log2_work=32.053162 tx=921 date='2020-09-03T07:08:02Z' progress=0.000023 cache=0.3MiB(920txo)
2026-04-11T19:36:37Z UpdateTip: new best=00000101def93a2bd660fc963536c49d9366d7a44a89257a9296b64fffe2bef5 height=921 version=0x20000000 log2_work=32.054728 tx=922 date='2020-09-03T07:09:38Z' progress=0.000023 cache=0.3MiB(921txo)
2026-04-11T19:36:37Z UpdateTip: new best=000002c83a15edd44277770b2282bdffb2b9ac69b63c430f8b683b8043d0d698 height=922 version=0x20000000 log2_work=32.056291 tx=923 date='2020-09-03T07:09:50Z' progress=0.000023 cache=0.3MiB(922txo)
2026-04-11T19:36:37Z UpdateTip: new best=0000004f607d8347b7cef46504902d02e66a869abae13bfc3b6eae94e0273486 height=923 version=0x20000000 log2_work=32.057854 tx=924 date='2020-09-03T07:14:23Z' progress=0.000023 cache=0.3MiB(923txo)
2026-04-11T19:36:37Z UpdateTip: new best=000001a5ad44e5f8b3f05b0f5ac24328334f969936ca62d42409234881a66249 height=924 version=0x20000000 log2_work=32.059414 tx=925 date='2020-09-03T07:15:16Z' progress=0.000023 cache=0.3MiB(924txo)
2026-04-11T19:36:37Z UpdateTip: new best=000002dcaae9572ea2da966e3fc20273fdbd75f76451a050ad290c2dfe92371c height=925 version=0x20000000 log2_work=32.060973 tx=926 date='2020-09-03T07:25:41Z' progress=0.000023 cache=0.3MiB(925txo)
2026-04-11T19:36:37Z UpdateTip: new best=00000172ed104d9c3ea51a897546a90e6f56fa0999d78a4a9dac7dc2e882377b height=926 version=0x20000000 log2_work=32.062530 tx=927 date='2020-09-03T07:26:02Z' progress=0.000023 cache=0.3MiB(926txo)
2026-04-11T19:36:37Z UpdateTip: new best=000000fe52dc687f72cccce18fa65e80a5e27171ee5ac9e78b860bc5c7b45fc4 height=927 version=0x20000000 log2_work=32.064086 tx=928 date='2020-09-03T07:33:07Z' progress=0.000023 cache=0.3MiB(927txo)
2026-04-11T19:36:37Z UpdateTip: new best=000002a7260b645905b64fbc584f18f371de846b7d8c85cc0231c82d2a1b0081 height=928 version=0x20000000 log2_work=32.065639 tx=929 date='2020-09-03T07:36:35Z' progress=0.000023 cache=0.3MiB(928txo)
2026-04-11T19:36:37Z UpdateTip: new best=0000027c62619d28af16cbfcad7f11ff8dbb83c2feacf1eb0c6b8fba76c9f8d2 height=929 version=0x20000000 log2_work=32.067191 tx=930 date='2020-09-03T07:42:07Z' progress=0.000023 cache=0.3MiB(929txo)
2026-04-11T19:36:37Z UpdateTip: new best=000002d67c2af4665ad41db858f48dd1f03b572ed44535d3857ac40e1f774a84 height=930 version=0x20000000 log2_work=32.068742 tx=931 date='2020-09-03T07:42:09Z' progress=0.000023 cache=0.3MiB(930txo)
2026-04-11T19:36:37Z UpdateTip: new best=00000032248c70d0977523335f1f707a1da556d768a3daa6871c0d10da91db07 height=931 version=0x20000000 log2_work=32.070291 tx=932 date='2020-09-03T07:42:54Z' progress=0.000023 cache=0.3MiB(931txo)
2026-04-11T19:36:37Z UpdateTip: new best=0000023d47cb04525023944b4bb97dc5969be01192a0c1958dc03a4527ed9541 height=932 version=0x20000000 log2_work=32.071838 tx=933 date='2020-09-03T07:43:24Z' progress=0.000023 cache=0.3MiB(932txo)
2026-04-11T19:36:38Z UpdateTip: new best=00000227ad3e1966272d1d0db858b1cd1fc6353bff25250c899dc144104c25d3 height=933 version=0x20000000 log2_work=32.073383 tx=934 date='2020-09-03T07:43:27Z' progress=0.000023 cache=0.3MiB(933txo)
2026-04-11T19:36:38Z UpdateTip: new best=0000002e6aca735441f04ad2e878dafbc3523833fc899785f2b7717d1eb5ec46 height=934 version=0x20000000 log2_work=32.074927 tx=935 date='2020-09-03T07:45:04Z' progress=0.000023 cache=0.3MiB(934txo)
2026-04-11T19:36:38Z UpdateTip: new best=00000260f74ad950998af03f0a030726750f9e07c01e30901cd30b4b67d0c1e4 height=935 version=0x20000000 log2_work=32.076469 tx=936 date='2020-09-03T07:49:16Z' progress=0.000023 cache=0.3MiB(935txo)
2026-04-11T19:36:38Z UpdateTip: new best=000000b23cbfea969f2372a7bb675f3fef9ed14d5f2feb89ffe08b636d326208 height=936 version=0x20000000 log2_work=32.078010 tx=937 date='2020-09-03T08:05:29Z' progress=0.000023 cache=0.3MiB(936txo)
2026-04-11T19:36:38Z UpdateTip: new best=00000061b9e755db5a8b02dd85c8288266d24770ee5431124c621123c2054049 height=937 version=0x20000000 log2_work=32.079549 tx=938 date='2020-09-03T08:10:59Z' progress=0.000023 cache=0.3MiB(937txo)
2026-04-11T19:36:38Z UpdateTip: new best=0000011a129cbf3e7a1ae9f22574ba51849092f15ca47fce9cf12a3d603a4d6b height=938 version=0x20000000 log2_work=32.081086 tx=939 date='2020-09-03T08:21:08Z' progress=0.000023 cache=0.3MiB(938txo)
2026-04-11T19:36:38Z UpdateTip: new best=000002ae57ccd2a108f1182b13f1cccdeeaf503fc6ba2f5efb5244e79d0da03f height=939 version=0x20000000 log2_work=32.082622 tx=940 date='2020-09-03T08:25:05Z' progress=0.000023 cache=0.3MiB(939txo)
2026-04-11T19:36:38Z UpdateTip: new best=000003581f0a447d5c253ae85ebfb875c3fd913852c730440cbce90b361fb0f4 height=940 version=0x20000000 log2_work=32.084155 tx=941 date='2020-09-03T08:25:35Z' progress=0.000023 cache=0.3MiB(940txo)
2026-04-11T19:36:38Z UpdateTip: new best=000000166843a1236ef98f9fff9f427691f4da9e25bc0de2fb22ea97a2c4cdc5 height=941 version=0x20000000 log2_work=32.085688 tx=942 date='2020-09-03T08:29:06Z' progress=0.000023 cache=0.3MiB(941txo)
2026-04-11T19:36:38Z UpdateTip: new best=00000238d54282a8177da41fcbca4f2504ac3deabefd62c1688798a0d72867a5 height=942 version=0x20000000 log2_work=32.087219 tx=943 date='2020-09-03T08:29:33Z' progress=0.000023 cache=0.3MiB(942txo)
2026-04-11T19:36:38Z UpdateTip: new best=00000362f8fe8f7bbeaf0b6f66309db14fa5d204d67d64d411fb8657e0879dba height=943 version=0x20000000 log2_work=32.088748 tx=944 date='2020-09-03T08:30:11Z' progress=0.000023 cache=0.3MiB(943txo)
2026-04-11T19:36:38Z UpdateTip: new best=0000019147008b364419aa8da720830cb1a5932ddc2d62a585c98c1c36c61fa6 height=944 version=0x20000000 log2_work=32.090275 tx=945 date='2020-09-03T08:33:00Z' progress=0.000023 cache=0.3MiB(944txo)
2026-04-11T19:36:38Z UpdateTip: new best=000002614c4a5e3f8efd21db157df5c752edef47c08f2cae964e9a30df7a60c2 height=945 version=0x20000000 log2_work=32.091801 tx=946 date='2020-09-03T08:34:06Z' progress=0.000023 cache=0.3MiB(945txo)
2026-04-11T19:36:38Z UpdateTip: new best=00000158a123d7fe0b13f95d47d3eb668746ea4f6c02a179e69b942b6501f271 height=946 version=0x20000000 log2_work=32.093325 tx=947 date='2020-09-03T08:44:50Z' progress=0.000023 cache=0.3MiB(946txo)
2026-04-11T19:36:38Z UpdateTip: new best=0000010280e60596a671956c2b43ca89e7d316531ac3016a1d6f89b5041769af height=947 version=0x20000000 log2_work=32.094848 tx=948 date='2020-09-03T08:45:50Z' progress=0.000023 cache=0.3MiB(947txo)
2026-04-11T19:36:38Z UpdateTip: new best=0000002dec9e5bd1279ff488613820604a4eebffc43e5a0edf54cb5db66f9fa2 height=948 version=0x20000000 log2_work=32.096369 tx=949 date='2020-09-03T08:46:10Z' progress=0.000023 cache=0.3MiB(948txo)
2026-04-11T19:36:38Z UpdateTip: new best=0000035f248e50c3b76fd624174daf3174b58fab4e908323f058f08329a8b0df height=949 version=0x20000000 log2_work=32.097888 tx=950 date='2020-09-03T08:56:15Z' progress=0.000023 cache=0.3MiB(949txo)
2026-04-11T19:36:38Z UpdateTip: new best=000002577fd69e8a459780826b46f2a8575b7f6ff40277e2f211e7fb4397a288 height=950 version=0x20000000 log2_work=32.099406 tx=951 date='2020-09-03T09:00:18Z' progress=0.000023 cache=0.3MiB(950txo)
2026-04-11T19:36:38Z UpdateTip: new best=000001102ac951354c1c740ef8fb2247dc99fc03ee56d6b9eb93db42a103efd0 height=951 version=0x20000000 log2_work=32.100922 tx=952 date='2020-09-03T09:02:43Z' progress=0.000024 cache=0.3MiB(951txo)
2026-04-11T19:36:38Z UpdateTip: new best=000001cd7478cf560533959ffc797290eb4261299237e339b9c96112a535d4f2 height=952 version=0x20000000 log2_work=32.102437 tx=953 date='2020-09-03T09:08:38Z' progress=0.000024 cache=0.3MiB(952txo)
2026-04-11T19:36:38Z UpdateTip: new best=000002b40625619f53a869d65a9850f0b72f5a3a9372b9c0d3c264f0ba65833b height=953 version=0x20000000 log2_work=32.103950 tx=954 date='2020-09-03T09:09:24Z' progress=0.000024 cache=0.3MiB(953txo)
2026-04-11T19:36:38Z UpdateTip: new best=0000017353e92ceef997ecac57608cdc15a4c3a04ec6aa10ca7deec4fda02943 height=954 version=0x20000000 log2_work=32.105462 tx=955 date='2020-09-03T09:09:57Z' progress=0.000024 cache=0.3MiB(954txo)
2026-04-11T19:36:38Z UpdateTip: new best=000001048425d2596be007749e96bab8b8e2aca004ff7564a51f8f1bae678ad8 height=955 version=0x20000000 log2_work=32.106971 tx=956 date='2020-09-03T09:12:55Z' progress=0.000024 cache=0.3MiB(955txo)
2026-04-11T19:36:38Z UpdateTip: new best=000001cbbe07c5fd01669e4c62522d72f63eef2ae1c17423663d69030a8fde7f height=956 version=0x20000000 log2_work=32.108480 tx=957 date='2020-09-03T09:13:51Z' progress=0.000024 cache=0.3MiB(956txo)
2026-04-11T19:36:38Z UpdateTip: new best=0000035cc9284b8f3392a4708c4fa368ef99dc7c94c6e842d62cf18f13903755 height=957 version=0x20000000 log2_work=32.109986 tx=958 date='2020-09-03T09:15:11Z' progress=0.000024 cache=0.3MiB(957txo)
2026-04-11T19:36:38Z UpdateTip: new best=0000007901fdf5c4f6b509662fc1cdfe9d09f932c1e4e30728e30cd0cd909bbb height=958 version=0x20000000 log2_work=32.111492 tx=959 date='2020-09-03T09:15:28Z' progress=0.000024 cache=0.3MiB(958txo)
2026-04-11T19:36:38Z UpdateTip: new best=00000368916096d252b1a032993be6ca52bdbe32bbb46e6d894af8a67adf6ed5 height=959 version=0x20000000 log2_work=32.112995 tx=960 date='2020-09-03T09:16:37Z' progress=0.000024 cache=0.3MiB(959txo)
2026-04-11T19:36:38Z UpdateTip: new best=0000012bc9297a3cd3373a8c2ac6c3d0731edec8395d78b5f6fa8c938170e7e8 height=960 version=0x20000000 log2_work=32.114497 tx=961 date='2020-09-03T09:20:32Z' progress=0.000024 cache=0.3MiB(960txo)
2026-04-11T19:36:38Z UpdateTip: new best=000002cbce9411388f37cf6cd275d65c20e8c612c4bf7256b3f95c88558e2605 height=961 version=0x20000000 log2_work=32.115998 tx=962 date='2020-09-03T09:20:59Z' progress=0.000024 cache=0.3MiB(961txo)
2026-04-11T19:36:38Z UpdateTip: new best=000001a993892356d63fab26b777900fc18d490c0923b1aea64ec6342e548b92 height=962 version=0x20000000 log2_work=32.117497 tx=963 date='2020-09-03T09:23:13Z' progress=0.000024 cache=0.3MiB(962txo)
2026-04-11T19:36:38Z UpdateTip: new best=0000026637b833074cb83b02fa4963122ae5e6d96fdd3abe6b8eb3d4d9ada64d height=963 version=0x20000000 log2_work=32.118994 tx=964 date='2020-09-03T09:31:33Z' progress=0.000024 cache=0.3MiB(963txo)
2026-04-11T19:36:38Z UpdateTip: new best=00000122caf5cb911745325d9d7d95ac759db02c0a952a70bd4a8516f917c7f8 height=964 version=0x20000000 log2_work=32.120490 tx=965 date='2020-09-03T09:32:24Z' progress=0.000024 cache=0.3MiB(964txo)
2026-04-11T19:36:38Z UpdateTip: new best=000003153d43a5bc631e965133d49b104dd18d5398cb3ab19cfe8ebe79bb6b97 height=965 version=0x20000000 log2_work=32.121984 tx=966 date='2020-09-03T09:32:32Z' progress=0.000024 cache=0.3MiB(965txo)
2026-04-11T19:36:38Z UpdateTip: new best=000002bf559cc226957f12509eb99647a9e34ccfb55141ae63eb89fab711319a height=966 version=0x20000000 log2_work=32.123477 tx=967 date='2020-09-03T09:33:33Z' progress=0.000024 cache=0.3MiB(966txo)
2026-04-11T19:36:38Z UpdateTip: new best=0000033563cbcdd094dbe708253a87f4ec3d3f7a9c043f6b1112f5672e844df9 height=967 version=0x20000000 log2_work=32.124968 tx=968 date='2020-09-03T09:34:37Z' progress=0.000024 cache=0.3MiB(967txo)
2026-04-11T19:36:38Z UpdateTip: new best=000000db59813e8ad48ec1981ef37f056dc28e32ca3fe16e9a9e47e8dd6e5c02 height=968 version=0x20000000 log2_work=32.126457 tx=969 date='2020-09-03T09:37:09Z' progress=0.000024 cache=0.3MiB(968txo)
2026-04-11T19:36:38Z UpdateTip: new best=000000549a71c7bef6675d949cc60b303bf41c914590a2fc645036a1f8d1c8a9 height=969 version=0x20000000 log2_work=32.127946 tx=970 date='2020-09-03T09:37:12Z' progress=0.000024 cache=0.3MiB(969txo)
2026-04-11T19:36:38Z UpdateTip: new best=000000ad3d0031bdff805e9016ef38b9f9d6de1455a6d0841824f863331bb44c height=970 version=0x20000000 log2_work=32.129432 tx=971 date='2020-09-03T09:39:24Z' progress=0.000024 cache=0.3MiB(970txo)
2026-04-11T19:36:38Z UpdateTip: new best=000002de676aa81f8b9435c4b5222bda89f90c3684e4dd2061f16615e125f930 height=971 version=0x20000000 log2_work=32.130917 tx=972 date='2020-09-03T09:43:47Z' progress=0.000024 cache=0.3MiB(971txo)
2026-04-11T19:36:38Z UpdateTip: new best=000002a26e23483f3c1cfb35fad8ff85400926964580cb71eaae2a7b4380407a height=972 version=0x20000000 log2_work=32.132401 tx=973 date='2020-09-03T09:48:16Z' progress=0.000024 cache=0.3MiB(972txo)
2026-04-11T19:36:38Z UpdateTip: new best=000001195c5016e0f3de8e0db7596d5fcd649a7d4eb3e54d3d90fe556dc0dc24 height=973 version=0x20000000 log2_work=32.133883 tx=974 date='2020-09-03T09:51:44Z' progress=0.000024 cache=0.3MiB(973txo)
2026-04-11T19:36:38Z UpdateTip: new best=0000001a537783ffe7442aa325acacbb74f3841c440e3d34a9da74af77ed8b2a height=974 version=0x20000000 log2_work=32.135363 tx=975 date='2020-09-03T09:53:11Z' progress=0.000024 cache=0.3MiB(974txo)
2026-04-11T19:36:38Z UpdateTip: new best=000001eadbbb4614b42e137aa7a8beeccc75c3f2d10f5276b372ba1a333bf8d9 height=975 version=0x20000000 log2_work=32.136842 tx=976 date='2020-09-03T09:59:06Z' progress=0.000024 cache=0.3MiB(975txo)
2026-04-11T19:36:38Z UpdateTip: new best=000003737f17a87eeebcf59463ed50fea8197c9aee41613fc36331b5aa828efd height=976 version=0x20000000 log2_work=32.138319 tx=977 date='2020-09-03T09:59:33Z' progress=0.000024 cache=0.3MiB(976txo)
2026-04-11T19:36:39Z UpdateTip: new best=00000209ad932833c7c1933a7f7d4669f7bb3f6e6d3883c25bf444cac988120e height=977 version=0x20000000 log2_work=32.139795 tx=978 date='2020-09-03T10:01:26Z' progress=0.000024 cache=0.3MiB(977txo)
2026-04-11T19:36:39Z UpdateTip: new best=000001bfaacc006ee12f583517cc508f56532ce04480d56358efe8193b390a5f height=978 version=0x20000000 log2_work=32.141270 tx=979 date='2020-09-03T10:03:29Z' progress=0.000024 cache=0.3MiB(978txo)
2026-04-11T19:36:39Z UpdateTip: new best=00000350ca5f4ddba4cf2e0eedb34c6f7e2fe4d8a1536f96309a8ee809dbe069 height=979 version=0x20000000 log2_work=32.142743 tx=980 date='2020-09-03T10:06:35Z' progress=0.000024 cache=0.3MiB(979txo)
2026-04-11T19:36:39Z UpdateTip: new best=000002d8a660fd7e1516e0a9991973c840ffac523a014fb7c1059bdd64497a51 height=980 version=0x20000000 log2_work=32.144214 tx=981 date='2020-09-03T10:19:06Z' progress=0.000024 cache=0.3MiB(980txo)
2026-04-11T19:36:39Z UpdateTip: new best=00000280facbb351b0f9eceec07e4fe551af1d670dd8b1d49ad63f15fadecae9 height=981 version=0x20000000 log2_work=32.145684 tx=982 date='2020-09-03T10:27:33Z' progress=0.000024 cache=0.3MiB(981txo)
2026-04-11T19:36:39Z UpdateTip: new best=0000020e6a2e3f917383771c17ee9d72f1321495905091498678c524bb858198 height=982 version=0x20000000 log2_work=32.147152 tx=983 date='2020-09-03T10:29:08Z' progress=0.000024 cache=0.3MiB(982txo)
2026-04-11T19:36:39Z UpdateTip: new best=00000003d2c53779861f54a24a65dc0d299ddc67e2b575c6a1676b0a44a319ff height=983 version=0x20000000 log2_work=32.148619 tx=984 date='2020-09-03T10:32:06Z' progress=0.000024 cache=0.3MiB(983txo)
2026-04-11T19:36:39Z UpdateTip: new best=000002af956c2205ba13855c20c7ed4d4bfc46c1b45fc1db4e1a842c6728894b height=984 version=0x20000000 log2_work=32.150084 tx=985 date='2020-09-03T10:44:11Z' progress=0.000024 cache=0.3MiB(984txo)
2026-04-11T19:36:39Z UpdateTip: new best=0000019e7bf86ef9ab44f728802a8a97e66f324220e7259ad8b38f8ab9799cb0 height=985 version=0x20000000 log2_work=32.151548 tx=986 date='2020-09-03T10:45:40Z' progress=0.000024 cache=0.3MiB(985txo)
2026-04-11T19:36:39Z UpdateTip: new best=000001d76a66bd58df291bce22bb60ea6971524efbbdd43943dbfb4d29d9d906 height=986 version=0x20000000 log2_work=32.153011 tx=987 date='2020-09-03T10:46:47Z' progress=0.000024 cache=0.3MiB(986txo)
2026-04-11T19:36:39Z UpdateTip: new best=00000315f0eb73c8b7254ca5fa691e0ba438da4630c517f48cc13b63cec66833 height=987 version=0x20000000 log2_work=32.154472 tx=988 date='2020-09-03T10:48:10Z' progress=0.000024 cache=0.3MiB(987txo)
2026-04-11T19:36:39Z UpdateTip: new best=000002ba9bba7d8b99b5e83dea621ab6a744ad070f2cbb6ed46f91237bf347cf height=988 version=0x20000000 log2_work=32.155931 tx=989 date='2020-09-03T10:54:34Z' progress=0.000024 cache=0.3MiB(988txo)
2026-04-11T19:36:39Z UpdateTip: new best=0000005746531493a39fa45b1283d05526a7260102857d2dc9ad76bd750713e6 height=989 version=0x20000000 log2_work=32.157389 tx=990 date='2020-09-03T10:54:35Z' progress=0.000024 cache=0.3MiB(989txo)
2026-04-11T19:36:39Z UpdateTip: new best=0000030fa453e6f44c33aeb221659b5a663e1f16937335c097d675355de11eb1 height=990 version=0x20000000 log2_work=32.158846 tx=991 date='2020-09-03T10:54:41Z' progress=0.000024 cache=0.3MiB(990txo)
2026-04-11T19:36:39Z UpdateTip: new best=000001ea765b8164e5a17a99e039cc00a5e044e430b1cbff8bdce13058deacb8 height=991 version=0x20000000 log2_work=32.160301 tx=992 date='2020-09-03T10:56:06Z' progress=0.000024 cache=0.3MiB(991txo)
2026-04-11T19:36:39Z UpdateTip: new best=00000020add3ad83eee1a42b10b543ea10e6fc5b9ae166c467f004a1da9582c4 height=992 version=0x20000000 log2_work=32.161754 tx=993 date='2020-09-03T10:57:22Z' progress=0.000025 cache=0.3MiB(992txo)
2026-04-11T19:36:39Z UpdateTip: new best=00000009d4eb4dd145690aeb2180b0d72e9b9223d59c656dc0cc80311e4bf390 height=993 version=0x20000000 log2_work=32.163207 tx=994 date='2020-09-03T11:04:35Z' progress=0.000025 cache=0.3MiB(993txo)
2026-04-11T19:36:39Z UpdateTip: new best=000001a35f2b3e4e844ce2922e7b6b52eb29ac4e9927bda514c3a92fd192d4b0 height=994 version=0x20000000 log2_work=32.164657 tx=995 date='2020-09-03T11:05:28Z' progress=0.000025 cache=0.3MiB(994txo)
2026-04-11T19:36:39Z UpdateTip: new best=0000033e9d66bc2cd821f957851a45f02cb1742e399efe9f85436b5f85f6e456 height=995 version=0x20000000 log2_work=32.166107 tx=996 date='2020-09-03T11:09:21Z' progress=0.000025 cache=0.3MiB(995txo)
2026-04-11T19:36:39Z UpdateTip: new best=000000f279cb8829ed9860dae7fa66652a94ddbc19feaa83de3c63b686599116 height=996 version=0x20000000 log2_work=32.167554 tx=997 date='2020-09-03T11:10:57Z' progress=0.000025 cache=0.3MiB(996txo)
2026-04-11T19:36:39Z UpdateTip: new best=0000003b3f85f77640ec628ad959591eaa22b08ceffc525e9be854be568528b0 height=997 version=0x20000000 log2_work=32.169001 tx=998 date='2020-09-03T11:18:15Z' progress=0.000025 cache=0.3MiB(997txo)
2026-04-11T19:36:39Z UpdateTip: new best=00000064f33d7f95baf2b504afab1af526bcf999b21b1fa54e037f10a4f0e90c height=998 version=0x20000000 log2_work=32.170445 tx=999 date='2020-09-03T11:18:23Z' progress=0.000025 cache=0.3MiB(998txo)
2026-04-11T19:36:39Z UpdateTip: new best=000002adbe0fa5467506fdde47518fe75d65dc1eac5b150e00856f1706850627 height=999 version=0x20000000 log2_work=32.171889 tx=1000 date='2020-09-03T11:24:16Z' progress=0.000025 cache=0.3MiB(999txo)
2026-04-11T19:36:39Z UpdateTip: new best=0000010ebfa3c6193793701c198392e21bdb8bc9fb2032f0d74a628d36e9a75e height=1000 version=0x20000000 log2_work=32.173331 tx=1001 date='2020-09-03T11:27:37Z' progress=0.000025 cache=0.3MiB(1000txo)
2026-04-11T19:36:39Z UpdateTip: new best=00000203b537056a20c93d7b43cff2dffb977e96267766f458acc66b581e5d2c height=1001 version=0x20000000 log2_work=32.174771 tx=1002 date='2020-09-03T11:27:45Z' progress=0.000025 cache=0.3MiB(1001txo)
2026-04-11T19:36:39Z UpdateTip: new best=000002e1d2d6a4992d5aae0afa452d8ffeb3cc4488c220560fa06234b8fb13e8 height=1002 version=0x20000000 log2_work=32.176210 tx=1003 date='2020-09-03T11:33:47Z' progress=0.000025 cache=0.3MiB(1002txo)
2026-04-11T19:36:39Z UpdateTip: new best=00000034ee55b35b0321f1a0438a1fe438995b087698e77a4d142e29bcbbdb0a height=1003 version=0x20000000 log2_work=32.177648 tx=1004 date='2020-09-03T11:36:15Z' progress=0.000025 cache=0.3MiB(1003txo)
2026-04-11T19:36:39Z UpdateTip: new best=000002f633db23c9213f47c20685082ab74e496241574924bf4e9dfc07961fcc height=1004 version=0x20000000 log2_work=32.179084 tx=1005 date='2020-09-03T11:38:17Z' progress=0.000025 cache=0.3MiB(1004txo)
2026-04-11T19:36:39Z UpdateTip: new best=000002f13ef1b3b1596ac364911ca26e3c05855707063b4967075d0d30249ed6 height=1005 version=0x20000000 log2_work=32.180519 tx=1006 date='2020-09-03T11:40:51Z' progress=0.000025 cache=0.3MiB(1005txo)
2026-04-11T19:36:39Z UpdateTip: new best=000000ef1c915a58082d5c2bfe3df3bc792d7d2cb3204fef7e9bddc9787253a2 height=1006 version=0x20000000 log2_work=32.181953 tx=1007 date='2020-09-03T11:44:17Z' progress=0.000025 cache=0.3MiB(1006txo)
2026-04-11T19:36:39Z UpdateTip: new best=00000179435afbbe69fe5fe01b8460fe27546f882d765d475482a2fcada9296b height=1007 version=0x20000000 log2_work=32.183385 tx=1008 date='2020-09-03T11:47:14Z' progress=0.000025 cache=0.3MiB(1007txo)
2026-04-11T19:36:39Z UpdateTip: new best=0000024176c072cca2b111c0846e83926a29c6a62969b86c799bddb9467f2064 height=1008 version=0x20000000 log2_work=32.184815 tx=1009 date='2020-09-03T11:57:03Z' progress=0.000025 cache=0.3MiB(1008txo)
2026-04-11T19:36:39Z UpdateTip: new best=0000023ae38974548392592f78b05afb69d249e40f8f871924c708d27674ea24 height=1009 version=0x20000000 log2_work=32.186244 tx=1010 date='2020-09-03T12:01:37Z' progress=0.000025 cache=0.3MiB(1009txo)
2026-04-11T19:36:39Z UpdateTip: new best=000001551e7ca1059011ca8af0c98b2604f377bc666d49c97ca5aacd5ef7119a height=1010 version=0x20000000 log2_work=32.187672 tx=1011 date='2020-09-03T12:02:23Z' progress=0.000025 cache=0.3MiB(1010txo)
2026-04-11T19:36:39Z UpdateTip: new best=000002f7a7fefe7d3e6512f6a8bcea2f68f2f90fb1a09964ece478a53d21b120 height=1011 version=0x20000000 log2_work=32.189098 tx=1012 date='2020-09-03T12:06:52Z' progress=0.000025 cache=0.3MiB(1011txo)
2026-04-11T19:36:39Z UpdateTip: new best=000002519762cd791ec45fbb6eb2babef5382f96044d597a1e66ca9117609915 height=1012 version=0x20000000 log2_work=32.190523 tx=1013 date='2020-09-03T12:07:00Z' progress=0.000025 cache=0.3MiB(1012txo)
2026-04-11T19:36:39Z UpdateTip: new best=0000022d892e3785e06e8c9e36f6a01fec2f89663281f509ccf031d5bab0a826 height=1013 version=0x20000000 log2_work=32.191947 tx=1014 date='2020-09-03T12:08:36Z' progress=0.000025 cache=0.3MiB(1013txo)
2026-04-11T19:36:39Z UpdateTip: new best=0000033cb4451424a3a3d08a5d612cb28a0e186262ca484b57b377e4c60520d2 height=1014 version=0x20000000 log2_work=32.193369 tx=1015 date='2020-09-03T12:10:22Z' progress=0.000025 cache=0.3MiB(1014txo)
2026-04-11T19:36:39Z UpdateTip: new best=000000816f04a42cdbd65bcb06bfe6a6ccecfb0c289dcc2c3fe8ccfb6d1cb5af height=1015 version=0x20000000 log2_work=32.194789 tx=1016 date='2020-09-03T12:12:20Z' progress=0.000025 cache=0.3MiB(1015txo)
2026-04-11T19:36:39Z UpdateTip: new best=000002c54e22ef27de7b68dc225615d1843fd2760a28fa2db6de112914e275e0 height=1016 version=0x20000000 log2_work=32.196209 tx=1017 date='2020-09-03T12:14:10Z' progress=0.000025 cache=0.3MiB(1016txo)
2026-04-11T19:36:39Z UpdateTip: new best=00000359ad125233fadee99502d84f5c12628c5b0b59ed9b19587da800969001 height=1017 version=0x20000000 log2_work=32.197626 tx=1018 date='2020-09-03T12:17:03Z' progress=0.000025 cache=0.3MiB(1017txo)
2026-04-11T19:36:39Z UpdateTip: new best=0000021b438b72d090f5bab5636532ff20d93fd3638df9c11d7157cf52761514 height=1018 version=0x20000000 log2_work=32.199043 tx=1019 date='2020-09-03T12:19:01Z' progress=0.000025 cache=0.3MiB(1018txo)
2026-04-11T19:36:40Z UpdateTip: new best=0000034ed6cac74e13c0137664ae073430c2018cb895d899a5b2d3afa63aeb37 height=1019 version=0x20000000 log2_work=32.200458 tx=1020 date='2020-09-03T12:20:13Z' progress=0.000025 cache=0.3MiB(1019txo)
2026-04-11T19:36:40Z UpdateTip: new best=00000244667cff843a90979a342bda4ca1e258890ec44572afe616687203a514 height=1020 version=0x20000000 log2_work=32.201872 tx=1021 date='2020-09-03T12:20:36Z' progress=0.000025 cache=0.3MiB(1020txo)
2026-04-11T19:36:40Z UpdateTip: new best=00000339a95fb44cf5c7883f81c3817dd40a8a60d717ef265392856aedb56861 height=1021 version=0x20000000 log2_work=32.203284 tx=1022 date='2020-09-03T12:24:31Z' progress=0.000025 cache=0.3MiB(1021txo)
2026-04-11T19:36:40Z UpdateTip: new best=00000007ad4ca77c4f3a2107b15ca9b7178f766816944cb8bd16b3f2990ee972 height=1022 version=0x20000000 log2_work=32.204695 tx=1023 date='2020-09-03T12:26:07Z' progress=0.000025 cache=0.3MiB(1022txo)
2026-04-11T19:36:40Z UpdateTip: new best=00000064549b51aec32b7f46a4a75f1ef5c439b95ccf0271bef6903004010c4a height=1023 version=0x20000000 log2_work=32.206105 tx=1024 date='2020-09-03T12:35:38Z' progress=0.000025 cache=0.3MiB(1023txo)
2026-04-11T19:36:40Z UpdateTip: new best=0000028ad0cd2224bfb4647cb46b44372d17c72fba5387eca5f2eba2da2dab7d height=1024 version=0x20000000 log2_work=32.207513 tx=1025 date='2020-09-03T12:41:22Z' progress=0.000025 cache=0.3MiB(1024txo)
2026-04-11T19:36:40Z UpdateTip: new best=000002597e7e752a8f23028327994b106b165be2acc9149ad677253b7cd5f4cd height=1025 version=0x20000000 log2_work=32.208920 tx=1026 date='2020-09-03T12:41:27Z' progress=0.000025 cache=0.3MiB(1025txo)
2026-04-11T19:36:40Z UpdateTip: new best=000000daa3404b24a3bcbd6deaf3f2374088b9a0ab8a23d571dbf26a0c448ae2 height=1026 version=0x20000000 log2_work=32.210325 tx=1027 date='2020-09-03T12:42:22Z' progress=0.000025 cache=0.3MiB(1026txo)
2026-04-11T19:36:40Z UpdateTip: new best=0000001afa83ad267f15cfd23af42d2b8c94937179b9d0876f6854139325a9b3 height=1027 version=0x20000000 log2_work=32.211729 tx=1028 date='2020-09-03T12:43:19Z' progress=0.000025 cache=0.3MiB(1027txo)
2026-04-11T19:36:40Z UpdateTip: new best=00000139b2615aa1a87d1f3854831b2af89e36b495e29a93b5f80177131f2874 height=1028 version=0x20000000 log2_work=32.213132 tx=1029 date='2020-09-03T12:45:32Z' progress=0.000025 cache=0.3MiB(1028txo)
2026-04-11T19:36:40Z UpdateTip: new best=0000004f240c3b17492bfbbef9c6d4d2829b2dde4236b0ed7995ce573290d7e3 height=1029 version=0x20000000 log2_work=32.214533 tx=1030 date='2020-09-03T12:50:55Z' progress=0.000025 cache=0.3MiB(1029txo)
2026-04-11T19:36:40Z UpdateTip: new best=00000173b30fd36ed5b9c051640205603d3ee15d128d77307e6a347993692e4f height=1030 version=0x20000000 log2_work=32.215933 tx=1031 date='2020-09-03T12:52:18Z' progress=0.000025 cache=0.3MiB(1030txo)
2026-04-11T19:36:40Z UpdateTip: new best=000002f05a0169f6a30d305d67995f90eaf465deda152f1a941f3e7f1d917737 height=1031 version=0x20000000 log2_work=32.217332 tx=1032 date='2020-09-03T12:52:50Z' progress=0.000025 cache=0.3MiB(1031txo)
2026-04-11T19:36:40Z UpdateTip: new best=0000001aeb7e10d3f74e7e3e86bd795f5b902280e9dc6a6c481b42e95d38879b height=1032 version=0x20000000 log2_work=32.218729 tx=1033 date='2020-09-03T12:53:06Z' progress=0.000026 cache=0.3MiB(1032txo)
2026-04-11T19:36:40Z UpdateTip: new best=000000195b15a985c715acef82e77a368ef677a187692396a0aa94fda5fec8cd height=1033 version=0x20000000 log2_work=32.220125 tx=1034 date='2020-09-03T13:00:40Z' progress=0.000026 cache=0.3MiB(1033txo)
2026-04-11T19:36:40Z UpdateTip: new best=00000254a20b2c74374a4d4d04afcc56027e0a4dde56bafb5b58f112529d32f2 height=1034 version=0x20000000 log2_work=32.221520 tx=1035 date='2020-09-03T13:02:36Z' progress=0.000026 cache=0.3MiB(1034txo)
2026-04-11T19:36:40Z UpdateTip: new best=000003710f3d7d011e217b1735110b05e330d7583cd48ef9633204374200d936 height=1035 version=0x20000000 log2_work=32.222913 tx=1036 date='2020-09-03T13:03:06Z' progress=0.000026 cache=0.3MiB(1035txo)
2026-04-11T19:36:40Z UpdateTip: new best=000003610fe426f5d23bab2359fc7c2dc52ec39f82036a37c38aaed29a9e9ff6 height=1036 version=0x20000000 log2_work=32.224305 tx=1037 date='2020-09-03T13:05:09Z' progress=0.000026 cache=0.3MiB(1036txo)
2026-04-11T19:36:40Z UpdateTip: new best=000001505407e8876f3522d94046e7961dbd96c3c76efdcbdd27a89f8216599d height=1037 version=0x20000000 log2_work=32.225695 tx=1038 date='2020-09-03T13:11:01Z' progress=0.000026 cache=0.3MiB(1037txo)
2026-04-11T19:36:40Z UpdateTip: new best=000002ab0c79be8a9a7c3d2fe339be3393f7875b464b0ecaf27893c5bd3baec8 height=1038 version=0x20000000 log2_work=32.227085 tx=1039 date='2020-09-03T13:16:02Z' progress=0.000026 cache=0.3MiB(1038txo)
2026-04-11T19:36:40Z UpdateTip: new best=0000024621bdf7c9310cd6d193c0a842513c1180b147339223b69197f7d4b0a0 height=1039 version=0x20000000 log2_work=32.228472 tx=1040 date='2020-09-03T13:18:16Z' progress=0.000026 cache=0.3MiB(1039txo)
2026-04-11T19:36:40Z UpdateTip: new best=000001e3575a214541965130bd77b5c32103b4c7648ed0a0ea1936a41502a5de height=1040 version=0x20000000 log2_work=32.229859 tx=1041 date='2020-09-03T13:20:30Z' progress=0.000026 cache=0.3MiB(1040txo)
2026-04-11T19:36:40Z UpdateTip: new best=0000033ff369afa4b92dd98b86ba1415b395168ff56cd2e7878c24904cc826be height=1041 version=0x20000000 log2_work=32.231244 tx=1042 date='2020-09-03T13:22:02Z' progress=0.000026 cache=0.3MiB(1041txo)
2026-04-11T19:36:40Z UpdateTip: new best=0000004722577135e47ec2fcf71cb6347c77ea2b5d8e5b827b0fbd770d6558d7 height=1042 version=0x20000000 log2_work=32.232628 tx=1043 date='2020-09-03T13:23:52Z' progress=0.000026 cache=0.3MiB(1042txo)
2026-04-11T19:36:40Z UpdateTip: new best=00000316935a8539da91236536c4c71c939ef6274089d0a0b0dfc05713a13e8b height=1043 version=0x20000000 log2_work=32.234011 tx=1044 date='2020-09-03T13:24:47Z' progress=0.000026 cache=0.3MiB(1043txo)
2026-04-11T19:36:40Z UpdateTip: new best=0000027f5e4aacfcaff42c91be38c6efe366a97f18025da334553f2d9e7eecce height=1044 version=0x20000000 log2_work=32.235392 tx=1045 date='2020-09-03T13:29:34Z' progress=0.000026 cache=0.3MiB(1044txo)
2026-04-11T19:36:40Z UpdateTip: new best=0000034371638e009b239a336933366d168ad59c1c02b0649565c4c3e39afb0d height=1045 version=0x20000000 log2_work=32.236772 tx=1046 date='2020-09-03T13:30:07Z' progress=0.000026 cache=0.3MiB(1045txo)
2026-04-11T19:36:40Z UpdateTip: new best=00000183b0586ee0129b392d9a2d925a71dd7f21c47fadb9ab87153ce90c1750 height=1046 version=0x20000000 log2_work=32.238150 tx=1047 date='2020-09-03T13:32:57Z' progress=0.000026 cache=0.3MiB(1046txo)
2026-04-11T19:36:40Z UpdateTip: new best=000002a8aa54f00084a9ad7eb97c3809592784927dcc68f4a729486b2e631af2 height=1047 version=0x20000000 log2_work=32.239528 tx=1048 date='2020-09-03T13:42:46Z' progress=0.000026 cache=0.3MiB(1047txo)
2026-04-11T19:36:40Z UpdateTip: new best=00000331511d2623ea12568394065000f79f19f06d5c91621df8db57f91ab829 height=1048 version=0x20000000 log2_work=32.240904 tx=1049 date='2020-09-03T13:46:13Z' progress=0.000026 cache=0.3MiB(1048txo)
2026-04-11T19:36:40Z UpdateTip: new best=000003364e459184df3e943cf335488633f63df078bf45962aef28f509865894 height=1049 version=0x20000000 log2_work=32.242278 tx=1050 date='2020-09-03T13:46:21Z' progress=0.000026 cache=0.3MiB(1049txo)
2026-04-11T19:36:40Z UpdateTip: new best=0000036775f4e1a3a5e6c048e171fdd0029cf7da81008fdd68b0496959420060 height=1050 version=0x20000000 log2_work=32.243652 tx=1051 date='2020-09-03T13:49:49Z' progress=0.000026 cache=0.3MiB(1050txo)
2026-04-11T19:36:40Z UpdateTip: new best=000000721acf1a93cdd42ee45f9250594b5c6990ef3627dd6bbf932a0b0d0dfb height=1051 version=0x20000000 log2_work=32.245024 tx=1052 date='2020-09-03T13:53:10Z' progress=0.000026 cache=0.3MiB(1051txo)
2026-04-11T19:36:40Z UpdateTip: new best=0000029b5ab7b412ac21fc003107b7bcbc06b636c31a86c32d82a1b603e90bd7 height=1052 version=0x20000000 log2_work=32.246394 tx=1053 date='2020-09-03T13:53:19Z' progress=0.000026 cache=0.3MiB(1052txo)
2026-04-11T19:36:40Z UpdateTip: new best=000001d7542ef761d0175c6f1132cbab50c66074dde9162431f03c8b65660104 height=1053 version=0x20000000 log2_work=32.247764 tx=1054 date='2020-09-03T13:57:44Z' progress=0.000026 cache=0.3MiB(1053txo)
2026-04-11T19:36:40Z UpdateTip: new best=00000368d4a511942c82d54ab30f82f8878bf1479bac5ff632e61c10cc6472b1 height=1054 version=0x20000000 log2_work=32.249132 tx=1055 date='2020-09-03T13:58:35Z' progress=0.000026 cache=0.3MiB(1054txo)
2026-04-11T19:36:40Z UpdateTip: new best=0000015509936ffede0110a2f3ed939e1362e48be00611875a7b4cf34606ace4 height=1055 version=0x20000000 log2_work=32.250499 tx=1056 date='2020-09-03T13:58:56Z' progress=0.000026 cache=0.3MiB(1055txo)
2026-04-11T19:36:40Z UpdateTip: new best=000000ae1ff5ccf4793f6bdf0fab0531401dfc0430edb2b9d872967a9c659df6 height=1056 version=0x20000000 log2_work=32.251864 tx=1057 date='2020-09-03T14:00:18Z' progress=0.000026 cache=0.3MiB(1056txo)
2026-04-11T19:36:40Z UpdateTip: new best=000001b0fc20c4e40afff794105c3f55b30bd69d7686d58dd6c7c9b283bc2992 height=1057 version=0x20000000 log2_work=32.253228 tx=1058 date='2020-09-03T14:00:32Z' progress=0.000026 cache=0.3MiB(1057txo)
2026-04-11T19:36:40Z UpdateTip: new best=00000085b483657b8d26759345a059b3fe773a873ba539fd0d3f9167f2576979 height=1058 version=0x20000000 log2_work=32.254591 tx=1059 date='2020-09-03T14:00:55Z' progress=0.000026 cache=0.3MiB(1058txo)
2026-04-11T19:36:40Z UpdateTip: new best=00000195f339098425bccc677a401e590ea7cc0a852d753b7843f597b673426a height=1059 version=0x20000000 log2_work=32.255953 tx=1060 date='2020-09-03T14:03:57Z' progress=0.000026 cache=0.3MiB(1059txo)
2026-04-11T19:36:40Z UpdateTip: new best=000001fc3b62b740f061f7f106a043ff39f5eb3fff89173fd805230bf24d24be height=1060 version=0x20000000 log2_work=32.257314 tx=1061 date='2020-09-03T14:05:06Z' progress=0.000026 cache=0.3MiB(1060txo)
2026-04-11T19:36:40Z UpdateTip: new best=000002acdd754c6fcf560a9b4d8e1a944bef3bdb4620947afcfe55a2d31ca655 height=1061 version=0x20000000 log2_work=32.258673 tx=1062 date='2020-09-03T14:05:45Z' progress=0.000026 cache=0.3MiB(1061txo)
2026-04-11T19:36:40Z UpdateTip: new best=0000009286acdcb39df6f411c3ec25b79c9c0fc5f2371e7adf73a5ca25e30e0e height=1062 version=0x20000000 log2_work=32.260030 tx=1063 date='2020-09-03T14:07:40Z' progress=0.000026 cache=0.3MiB(1062txo)
2026-04-11T19:36:40Z UpdateTip: new best=0000026ed133b978f4d9729f5e0d71d228150cdbf36fee01c028dc8b267979b2 height=1063 version=0x20000000 log2_work=32.261387 tx=1064 date='2020-09-03T14:11:47Z' progress=0.000026 cache=0.3MiB(1063txo)
2026-04-11T19:36:41Z UpdateTip: new best=00000271f2c6174f08cd3ec4a98ee20bc992cb144412093e9b25cff03d2cec8a height=1064 version=0x20000000 log2_work=32.262742 tx=1065 date='2020-09-03T14:12:04Z' progress=0.000026 cache=0.3MiB(1064txo)
2026-04-11T19:36:41Z UpdateTip: new best=0000001a197aeac846961c64178cbe24afae5f340fa80db597e8d221f5903a98 height=1065 version=0x20000000 log2_work=32.264096 tx=1066 date='2020-09-03T14:13:06Z' progress=0.000026 cache=0.3MiB(1065txo)
2026-04-11T19:36:41Z UpdateTip: new best=0000026ae52e8ccd96d73a21feacdc6f0634eb990d1dca31e4f47f6086927a09 height=1066 version=0x20000000 log2_work=32.265449 tx=1067 date='2020-09-03T14:20:14Z' progress=0.000026 cache=0.3MiB(1066txo)
2026-04-11T19:36:41Z UpdateTip: new best=000000eb753a2f9287a6dbb520ce3053ae6af342ac39846db30cbedc87a82a28 height=1067 version=0x20000000 log2_work=32.266801 tx=1068 date='2020-09-03T14:21:40Z' progress=0.000026 cache=0.3MiB(1067txo)
2026-04-11T19:36:41Z UpdateTip: new best=0000033a5821f137ef5fbebda194931481a31fcf404d301860cb400504b29a99 height=1068 version=0x20000000 log2_work=32.268151 tx=1069 date='2020-09-03T14:29:46Z' progress=0.000026 cache=0.3MiB(1068txo)
2026-04-11T19:36:41Z UpdateTip: new best=0000009cc7282bf5c0970cd755e06272cb686f4c5dabcd1c126ddc1b5bb8a8f0 height=1069 version=0x20000000 log2_work=32.269500 tx=1070 date='2020-09-03T14:29:49Z' progress=0.000026 cache=0.3MiB(1069txo)
2026-04-11T19:36:41Z UpdateTip: new best=000000cda1831b2969fb0372691f13793519ab2f9dbdceffb8553d0879284b16 height=1070 version=0x20000000 log2_work=32.270847 tx=1071 date='2020-09-03T14:38:58Z' progress=0.000026 cache=0.3MiB(1070txo)
2026-04-11T19:36:41Z UpdateTip: new best=0000031d1e8057ab17503eb2911ec6c0573545d341d1c5994f1b844dd4204e80 height=1071 version=0x20000000 log2_work=32.272194 tx=1072 date='2020-09-03T14:39:27Z' progress=0.000026 cache=0.3MiB(1071txo)
2026-04-11T19:36:41Z UpdateTip: new best=00000226d638d56ea512f5203e520c19d451641def52491eaa11d2f54a825ade height=1072 version=0x20000000 log2_work=32.273539 tx=1073 date='2020-09-03T14:44:02Z' progress=0.000026 cache=0.3MiB(1072txo)
2026-04-11T19:36:41Z UpdateTip: new best=0000012f910a1138cbcf9d84182b83668529c301ddf616f7f9b11c19a015bc00 height=1073 version=0x20000000 log2_work=32.274883 tx=1074 date='2020-09-03T14:44:05Z' progress=0.000027 cache=0.3MiB(1073txo)
2026-04-11T19:36:41Z UpdateTip: new best=00000315f5386ec515b4c4faf49d5b5139dc50851305f19a1633ae11e8f5d978 height=1074 version=0x20000000 log2_work=32.276226 tx=1075 date='2020-09-03T14:46:07Z' progress=0.000027 cache=0.3MiB(1074txo)
2026-04-11T19:36:41Z UpdateTip: new best=000000f5becc791a592c3a2edebe961aff04004f9cd577daef86d11ea2e6f922 height=1075 version=0x20000000 log2_work=32.277567 tx=1076 date='2020-09-03T14:46:45Z' progress=0.000027 cache=0.3MiB(1075txo)
2026-04-11T19:36:41Z UpdateTip: new best=000001d9284fbce5cc66e9bb1f7ad24299f1ff1c48adffa2f8936b7478668760 height=1076 version=0x20000000 log2_work=32.278907 tx=1077 date='2020-09-03T14:51:43Z' progress=0.000027 cache=0.3MiB(1076txo)
2026-04-11T19:36:41Z UpdateTip: new best=000001bc935a1f9ab439aa0c5164700332eb988073bb23a5fc95b6e9d53aa879 height=1077 version=0x20000000 log2_work=32.280246 tx=1078 date='2020-09-03T14:56:33Z' progress=0.000027 cache=0.3MiB(1077txo)
2026-04-11T19:36:41Z UpdateTip: new best=000003105953bf931e8275c7ce0fda7bdea2378331b0df8d63841c19be7db0ab height=1078 version=0x20000000 log2_work=32.281584 tx=1079 date='2020-09-03T14:57:11Z' progress=0.000027 cache=0.3MiB(1078txo)
2026-04-11T19:36:41Z UpdateTip: new best=00000076eb06679c032e9eb0c6decc07fddd946387f1d8e64ea488e6bfcf4c56 height=1079 version=0x20000000 log2_work=32.282920 tx=1080 date='2020-09-03T15:03:28Z' progress=0.000027 cache=0.3MiB(1079txo)
2026-04-11T19:36:41Z UpdateTip: new best=000002e22e87f8170e0943c25f0c4aa993365d69523b20f09a0d05bf09aa1910 height=1080 version=0x20000000 log2_work=32.284255 tx=1081 date='2020-09-03T15:10:34Z' progress=0.000027 cache=0.3MiB(1080txo)
2026-04-11T19:36:41Z UpdateTip: new best=000001af46d87e1b9a44d4e47a6480e23bf58cf14d19dede587af185f4fc5496 height=1081 version=0x20000000 log2_work=32.285589 tx=1082 date='2020-09-03T15:11:32Z' progress=0.000027 cache=0.3MiB(1081txo)
2026-04-11T19:36:41Z UpdateTip: new best=0000029abe802c7b534abd05d1640f3c480939d2c0f4ed122636cd67dededb9f height=1082 version=0x20000000 log2_work=32.286922 tx=1083 date='2020-09-03T15:16:53Z' progress=0.000027 cache=0.3MiB(1082txo)
2026-04-11T19:36:41Z UpdateTip: new best=000002dd851cb975f1d7b0647921c18f7f7cbe5987f601c1d1a307acfe468c2a height=1083 version=0x20000000 log2_work=32.288254 tx=1084 date='2020-09-03T15:16:58Z' progress=0.000027 cache=0.3MiB(1083txo)
2026-04-11T19:36:41Z UpdateTip: new best=000003771f63e56c678b9ede3e5d6e55e35e032d67036ca4bb6e0716928333ea height=1084 version=0x20000000 log2_work=32.289584 tx=1085 date='2020-09-03T15:25:30Z' progress=0.000027 cache=0.3MiB(1084txo)
2026-04-11T19:36:41Z UpdateTip: new best=000000f5e261cff1f15cdb31fa9b391fba04eb497bde424687e9412e1f09d14a height=1085 version=0x20000000 log2_work=32.290913 tx=1086 date='2020-09-03T15:27:50Z' progress=0.000027 cache=0.3MiB(1085txo)
2026-04-11T19:36:41Z UpdateTip: new best=000000192df6f758ecac5a24b2c1576227f6a6b162815d59b2263f061ffabd75 height=1086 version=0x20000000 log2_work=32.292241 tx=1087 date='2020-09-03T15:34:56Z' progress=0.000027 cache=0.3MiB(1086txo)
2026-04-11T19:36:41Z UpdateTip: new best=0000008d103ceb9b093e174d47879a7c8f1e9da4de2e9bf166a2db85ef3a32dc height=1087 version=0x20000000 log2_work=32.293567 tx=1088 date='2020-09-03T15:39:30Z' progress=0.000027 cache=0.3MiB(1087txo)
2026-04-11T19:36:41Z UpdateTip: new best=000002d32b0f4cdd6f59ee946839ef8917eef23841f36db7bf6a4215cad73cfa height=1088 version=0x20000000 log2_work=32.294893 tx=1089 date='2020-09-03T15:40:23Z' progress=0.000027 cache=0.3MiB(1088txo)
2026-04-11T19:36:41Z UpdateTip: new best=000000571cb873e69881418b67a5086d96bc77871d3d6a64bd60add1c03aed37 height=1089 version=0x20000000 log2_work=32.296217 tx=1090 date='2020-09-03T15:40:50Z' progress=0.000027 cache=0.3MiB(1089txo)
2026-04-11T19:36:41Z UpdateTip: new best=0000002652b88b3704a4eac3eeaa7e9cf669efaef54e67fd5dddaf0fc8dda728 height=1090 version=0x20000000 log2_work=32.297540 tx=1091 date='2020-09-03T15:41:23Z' progress=0.000027 cache=0.3MiB(1090txo)
2026-04-11T19:36:41Z UpdateTip: new best=00000186c52d2daecb74f4af4e4ed02f0811f7b01f8bace46e5029e31de47f46 height=1091 version=0x20000000 log2_work=32.298862 tx=1092 date='2020-09-03T15:47:35Z' progress=0.000027 cache=0.3MiB(1091txo)
2026-04-11T19:36:41Z UpdateTip: new best=0000037308772056e4fa9763c17f74475e28a50abaef785e5127280151fea727 height=1092 version=0x20000000 log2_work=32.300182 tx=1093 date='2020-09-03T15:48:15Z' progress=0.000027 cache=0.3MiB(1092txo)
2026-04-11T19:36:41Z UpdateTip: new best=000001f69d8cb13d117a5274f731cf5d87cc4bfefd72da3d716929d3219dc3f5 height=1093 version=0x20000000 log2_work=32.301502 tx=1094 date='2020-09-03T15:51:55Z' progress=0.000027 cache=0.3MiB(1093txo)
2026-04-11T19:36:41Z UpdateTip: new best=00000058723e7762eec77d4b329d4c69fae3a9e6bb3a2354fb2cffe9f59fa484 height=1094 version=0x20000000 log2_work=32.302820 tx=1095 date='2020-09-03T15:55:17Z' progress=0.000027 cache=0.3MiB(1094txo)
2026-04-11T19:36:41Z UpdateTip: new best=000002d60847113969e853f5181b7fe3df8e6eb6dd1e72557039e6896e6074cc height=1095 version=0x20000000 log2_work=32.304137 tx=1096 date='2020-09-03T15:55:42Z' progress=0.000027 cache=0.3MiB(1095txo)
2026-04-11T19:36:41Z UpdateTip: new best=00000291a5859021398456130fb13854ae4791dba3df38af447384c23651342a height=1096 version=0x20000000 log2_work=32.305452 tx=1097 date='2020-09-03T16:00:57Z' progress=0.000027 cache=0.3MiB(1096txo)
2026-04-11T19:36:41Z UpdateTip: new best=000000362eb567eb129d63cfaaee8c00225acaff41f568b5efa02c67c979ee48 height=1097 version=0x20000000 log2_work=32.306767 tx=1098 date='2020-09-03T16:03:09Z' progress=0.000027 cache=0.3MiB(1097txo)
2026-04-11T19:36:41Z UpdateTip: new best=00000191d786be8083658e46f71efc4480511d104ea049cf719f12b7cb978c95 height=1098 version=0x20000000 log2_work=32.308080 tx=1099 date='2020-09-03T16:03:23Z' progress=0.000027 cache=0.3MiB(1098txo)
2026-04-11T19:36:41Z UpdateTip: new best=000001ba48ddca7166466d5c693d694cc9aba05de51617848e936328aeab50af height=1099 version=0x20000000 log2_work=32.309392 tx=1100 date='2020-09-03T16:04:54Z' progress=0.000027 cache=0.3MiB(1099txo)
2026-04-11T19:36:41Z UpdateTip: new best=00000086d42fcf8550c023ea5f93f3eff6d83562dc5983ab28aa4b9c946f8d73 height=1100 version=0x20000000 log2_work=32.310703 tx=1101 date='2020-09-03T16:05:43Z' progress=0.000027 cache=0.3MiB(1100txo)
2026-04-11T19:36:41Z UpdateTip: new best=00000014d6cfdae447906fa339893128cfbf5640bd1d20c39f3f1a840f4f263c height=1101 version=0x20000000 log2_work=32.312013 tx=1102 date='2020-09-03T16:05:58Z' progress=0.000027 cache=0.3MiB(1101txo)
2026-04-11T19:36:41Z UpdateTip: new best=00000019209e9fa3cd0973ffd11caa727ad078c0275628f5c1dec5583770ca89 height=1102 version=0x20000000 log2_work=32.313322 tx=1103 date='2020-09-03T16:09:28Z' progress=0.000027 cache=0.3MiB(1102txo)
2026-04-11T19:36:41Z UpdateTip: new best=000001ceb5afe4375ab29268ffd6928823fe99496dff02ca68de8b9a1aab1b27 height=1103 version=0x20000000 log2_work=32.314629 tx=1104 date='2020-09-03T16:11:41Z' progress=0.000027 cache=0.3MiB(1103txo)
2026-04-11T19:36:41Z UpdateTip: new best=000002773d502ad9055ed9312363bf468c3d9e3f0470f668f8863250b4921fa5 height=1104 version=0x20000000 log2_work=32.315935 tx=1105 date='2020-09-03T16:12:11Z' progress=0.000027 cache=0.3MiB(1104txo)
2026-04-11T19:36:41Z UpdateTip: new best=000003141f0ea0a7f7ac52faebe86e82e16c075d22e17986d172369f37c80976 height=1105 version=0x20000000 log2_work=32.317240 tx=1106 date='2020-09-03T16:21:25Z' progress=0.000027 cache=0.3MiB(1105txo)
2026-04-11T19:36:41Z UpdateTip: new best=0000005009fc43ea62b3827e247f6a90bcedcf90f316bb9bec8051301a7f51bd height=1106 version=0x20000000 log2_work=32.318544 tx=1107 date='2020-09-03T16:21:51Z' progress=0.000027 cache=0.3MiB(1106txo)
2026-04-11T19:36:41Z UpdateTip: new best=00000217247ac70a0ebed8d9697991106ec7500cbddd433339dde3b19cd08bb4 height=1107 version=0x20000000 log2_work=32.319847 tx=1108 date='2020-09-03T16:26:05Z' progress=0.000027 cache=0.3MiB(1107txo)
2026-04-11T19:36:41Z UpdateTip: new best=00000336102ef67a7a4065fcdf0f4a5f610f133c97d8f1f598c460a461e21630 height=1108 version=0x20000000 log2_work=32.321148 tx=1109 date='2020-09-03T16:27:29Z' progress=0.000027 cache=0.3MiB(1108txo)
2026-04-11T19:36:42Z UpdateTip: new best=000000f7f8eb05910d2c5f124d147082a6be593e48f047d0af32e851894de94d height=1109 version=0x20000000 log2_work=32.322449 tx=1110 date='2020-09-03T16:28:31Z' progress=0.000027 cache=0.3MiB(1109txo)
2026-04-11T19:36:42Z UpdateTip: new best=000000ecdb64c2cd6d57a09effbbc22da3038f265c2c4a7d7bfdfa44ac5ed751 height=1110 version=0x20000000 log2_work=32.323748 tx=1111 date='2020-09-03T16:29:12Z' progress=0.000027 cache=0.3MiB(1110txo)
2026-04-11T19:36:42Z UpdateTip: new best=00000285c039b27d12ffe2cf7cc6b3f6f17d09d08354588f85b8f614c6ca40e6 height=1111 version=0x20000000 log2_work=32.325046 tx=1112 date='2020-09-03T16:30:38Z' progress=0.000027 cache=0.3MiB(1111txo)
2026-04-11T19:36:42Z UpdateTip: new best=000002b5a7e4512cdd12fcb6dca864d760f751fb67e38416939e15fcf3d434b9 height=1112 version=0x20000000 log2_work=32.326342 tx=1113 date='2020-09-03T16:32:22Z' progress=0.000027 cache=0.3MiB(1112txo)
2026-04-11T19:36:42Z UpdateTip: new best=000001792d6bf23c917dc00e136711dbc1b9eacfc9ad664506f9c5c294859fc4 height=1113 version=0x20000000 log2_work=32.327638 tx=1114 date='2020-09-03T16:35:10Z' progress=0.000028 cache=0.3MiB(1113txo)
2026-04-11T19:36:42Z UpdateTip: new best=0000015481ff6d2bad5aa8ed889ff382ad651d01874ad9634e1c1e4553922f49 height=1114 version=0x20000000 log2_work=32.328933 tx=1115 date='2020-09-03T16:42:35Z' progress=0.000028 cache=0.3MiB(1114txo)
2026-04-11T19:36:42Z UpdateTip: new best=000002527baf8a973513121aa2a3aee52c0ab745b625b0ff132d0ca1c14774d6 height=1115 version=0x20000000 log2_work=32.330226 tx=1116 date='2020-09-03T16:42:47Z' progress=0.000028 cache=0.3MiB(1115txo)
2026-04-11T19:36:42Z UpdateTip: new best=00000211771c8d34c576fa6bb83f4be0fcb4f1623ea340a10e09e38c59569fe2 height=1116 version=0x20000000 log2_work=32.331518 tx=1117 date='2020-09-03T16:43:21Z' progress=0.000028 cache=0.3MiB(1116txo)
2026-04-11T19:36:42Z UpdateTip: new best=00000198901e3dffb944253d9073c8d99917669a27df124dfbfccc1b3703f0cd height=1117 version=0x20000000 log2_work=32.332809 tx=1118 date='2020-09-03T16:44:29Z' progress=0.000028 cache=0.3MiB(1117txo)
2026-04-11T19:36:42Z UpdateTip: new best=0000014e7817b85bc119196b3e13e616bad7618c3f22dc39584a6bd85502bde4 height=1118 version=0x20000000 log2_work=32.334099 tx=1119 date='2020-09-03T16:46:58Z' progress=0.000028 cache=0.3MiB(1118txo)
2026-04-11T19:36:42Z UpdateTip: new best=000000ab720419a0b945d571c2a2081e0a982fdec372d652b8364194ff28dcb8 height=1119 version=0x20000000 log2_work=32.335388 tx=1120 date='2020-09-03T16:51:08Z' progress=0.000028 cache=0.3MiB(1119txo)
2026-04-11T19:36:42Z UpdateTip: new best=00000333073401c9fec90f4102ebbde8e339887497ad47a62139a6644ac23b84 height=1120 version=0x20000000 log2_work=32.336675 tx=1121 date='2020-09-03T17:02:13Z' progress=0.000028 cache=0.3MiB(1120txo)
2026-04-11T19:36:42Z UpdateTip: new best=000001ca2a0c101a514eceb8a0a532ab018d70bb9645df29dc012727c1d29e63 height=1121 version=0x20000000 log2_work=32.337962 tx=1122 date='2020-09-03T17:04:19Z' progress=0.000028 cache=0.3MiB(1121txo)
2026-04-11T19:36:42Z UpdateTip: new best=0000018651082e5c9e0f95562005be860df5f4a27e9530acec66e54e1c245c0b height=1122 version=0x20000000 log2_work=32.339247 tx=1123 date='2020-09-03T17:06:04Z' progress=0.000028 cache=0.3MiB(1122txo)
2026-04-11T19:36:42Z UpdateTip: new best=0000026378045ace292d868adb301168d7eaa730f919aa3a04112f50a6c157a7 height=1123 version=0x20000000 log2_work=32.340531 tx=1124 date='2020-09-03T17:06:17Z' progress=0.000028 cache=0.3MiB(1123txo)
2026-04-11T19:36:42Z UpdateTip: new best=00000361a39da22198fa2365049281d60c27e5cc0e34023ee82102e06f345aa5 height=1124 version=0x20000000 log2_work=32.341814 tx=1125 date='2020-09-03T17:07:29Z' progress=0.000028 cache=0.3MiB(1124txo)
2026-04-11T19:36:42Z UpdateTip: new best=0000028dded4607e60081fe620c42ab9f1fcd742fffbb5e1e00424c7e1ad7dd8 height=1125 version=0x20000000 log2_work=32.343096 tx=1126 date='2020-09-03T17:07:55Z' progress=0.000028 cache=0.3MiB(1125txo)
2026-04-11T19:36:42Z UpdateTip: new best=000000582d60aaea62d9018b507e195bc9ea929ba0c1919b704a7c0ec148aff4 height=1126 version=0x20000000 log2_work=32.344376 tx=1127 date='2020-09-03T17:12:23Z' progress=0.000028 cache=0.3MiB(1126txo)
2026-04-11T19:36:42Z UpdateTip: new best=000001299d434632e5c1e4fe224441bfd3e3593b1cc79942d5e2b34db703709b height=1127 version=0x20000000 log2_work=32.345656 tx=1128 date='2020-09-03T17:13:46Z' progress=0.000028 cache=0.3MiB(1127txo)
2026-04-11T19:36:42Z UpdateTip: new best=000002c7b053751a1dfed3bd11ac7460a54cf6ba26c5a04011c137200b130169 height=1128 version=0x20000000 log2_work=32.346934 tx=1129 date='2020-09-03T17:13:54Z' progress=0.000028 cache=0.3MiB(1128txo)
2026-04-11T19:36:42Z UpdateTip: new best=0000017d2b7755389ae577900dbb8f69e7758d08806ee6093404a7f4aec6f5c8 height=1129 version=0x20000000 log2_work=32.348212 tx=1130 date='2020-09-03T17:15:26Z' progress=0.000028 cache=0.3MiB(1129txo)
2026-04-11T19:36:42Z UpdateTip: new best=0000000114ea3fe243038abe37aa6521c4f24f5c318ee4a58d28e8cd2f0c8d1c height=1130 version=0x20000000 log2_work=32.349488 tx=1131 date='2020-09-03T17:15:50Z' progress=0.000028 cache=0.3MiB(1130txo)
2026-04-11T19:36:42Z UpdateTip: new best=000002b19dfe5417cf6b39b509a77f293d66ab21eded2a49ae2979cb70dfd688 height=1131 version=0x20000000 log2_work=32.350763 tx=1132 date='2020-09-03T17:19:56Z' progress=0.000028 cache=0.3MiB(1131txo)
2026-04-11T19:36:42Z UpdateTip: new best=000000bf2c74f23ab773b628ec44f98d7aa598deddd9775370329e202229e090 height=1132 version=0x20000000 log2_work=32.352037 tx=1133 date='2020-09-03T17:23:23Z' progress=0.000028 cache=0.3MiB(1132txo)
2026-04-11T19:36:42Z UpdateTip: new best=0000030f6694efcbff4bfb4624f45186ad00d2fd9e9677b48e5a2ec6e1ba52b1 height=1133 version=0x20000000 log2_work=32.353310 tx=1134 date='2020-09-03T17:29:42Z' progress=0.000028 cache=0.3MiB(1133txo)
2026-04-11T19:36:42Z UpdateTip: new best=000000ac1d2c7c8c712693924c9339bb4e97297a1066fc72f5d2212df709d904 height=1134 version=0x20000000 log2_work=32.354581 tx=1135 date='2020-09-03T17:32:30Z' progress=0.000028 cache=0.3MiB(1134txo)
2026-04-11T19:36:42Z UpdateTip: new best=000001d67036bcdc38dc160107250d46a767fc49b92f9be83740a48baf0f9521 height=1135 version=0x20000000 log2_work=32.355852 tx=1136 date='2020-09-03T17:33:12Z' progress=0.000028 cache=0.3MiB(1135txo)
2026-04-11T19:36:42Z UpdateTip: new best=000001f99baa72d46ec1725d65411151dd4da6bba23dc9b3827bd1bd2aa3e5c7 height=1136 version=0x20000000 log2_work=32.357121 tx=1137 date='2020-09-03T17:40:32Z' progress=0.000028 cache=0.3MiB(1136txo)
2026-04-11T19:36:42Z UpdateTip: new best=0000009c784a8a463080f901e9db3136aa2252fb3fb53277670cbd04be26f9bc height=1137 version=0x20000000 log2_work=32.358389 tx=1138 date='2020-09-03T17:41:26Z' progress=0.000028 cache=0.3MiB(1137txo)
2026-04-11T19:36:42Z UpdateTip: new best=00000146be684a38a467ea15621fd7c14bc1bca70bf0a62c677c7fb274d60e55 height=1138 version=0x20000000 log2_work=32.359657 tx=1139 date='2020-09-03T17:46:26Z' progress=0.000028 cache=0.3MiB(1138txo)
2026-04-11T19:36:42Z UpdateTip: new best=00000245ebd204b2c079eaf1a43b67c6132e27719719c7e5969fcd10da32c576 height=1139 version=0x20000000 log2_work=32.360923 tx=1140 date='2020-09-03T17:48:02Z' progress=0.000028 cache=0.3MiB(1139txo)
2026-04-11T19:36:42Z UpdateTip: new best=000002150cd007698d6776b4fddec6b7036a6b0b25b36feefb847092eb9427d2 height=1140 version=0x20000000 log2_work=32.362188 tx=1141 date='2020-09-03T17:48:05Z' progress=0.000028 cache=0.3MiB(1140txo)
2026-04-11T19:36:42Z UpdateTip: new best=000000facfb85d510be97168680b74edfed9205c43dd9c51d5c834fd35cd6545 height=1141 version=0x20000000 log2_work=32.363452 tx=1142 date='2020-09-03T17:51:51Z' progress=0.000028 cache=0.3MiB(1141txo)
2026-04-11T19:36:42Z UpdateTip: new best=0000015a11f85825d67e0610b6a8d062cf56aa09f1ad416dc4c2773527772938 height=1142 version=0x20000000 log2_work=32.364714 tx=1143 date='2020-09-03T17:52:19Z' progress=0.000028 cache=0.3MiB(1142txo)
2026-04-11T19:36:42Z [error] Failed to close block undo file FlatFilePos(nFile=0, nPos=46830): No space left on device (28)
2026-04-11T19:36:42Z [error] A fatal internal error occurred, see debug.log for details: Failed to close block undo file.
2026-04-11T19:36:49Z [error] ConnectTip: ConnectBlock 000002df26319ddb4442a262f2845d38287039763c133e3b7e0fdf91c0e820fc failed, Failed to close block undo file.
2026-04-11T19:36:49Z [error] ProcessNewBlock: ActivateBestChain failed (Failed to close block undo file.)
2026-04-11T19:36:49Z [error] Failed to close block undo file FlatFilePos(nFile=0, nPos=46871): No space left on device (28)
2026-04-11T19:36:49Z [error] A fatal internal error occurred, see debug.log for details: Failed to close block undo file.
2026-04-11T19:36:51Z [error] ConnectTip: ConnectBlock 000002df26319ddb4442a262f2845d38287039763c133e3b7e0fdf91c0e820fc failed, Failed to close block undo file.
2026-04-11T19:36:51Z [error] ProcessNewBlock: ActivateBestChain failed (Failed to close block undo file.)
2026-04-11T19:36:51Z [error] Failed to close block undo file FlatFilePos(nFile=0, nPos=46912): No space left on device (28)
2026-04-11T19:36:51Z [error] A fatal internal error occurred, see debug.log for details: Failed to close block undo file.
2026-04-11T19:36:52Z [error] ConnectTip: ConnectBlock 000002df26319ddb4442a262f2845d38287039763c133e3b7e0fdf91c0e820fc failed, Failed to close block undo file.
2026-04-11T19:36:52Z [error] ProcessNewBlock: ActivateBestChain failed (Failed to close block undo file.)
2026-04-11T19:36:52Z [error] Failed to close block undo file FlatFilePos(nFile=0, nPos=46953): No space left on device (28)
2026-04-11T19:36:52Z [error] A fatal internal error occurred, see debug.log for details: Failed to close block undo file.
2026-04-11T19:36:52Z [error] ConnectTip: ConnectBlock 000002df26319ddb4442a262f2845d38287039763c133e3b7e0fdf91c0e820fc failed, Failed to close block undo file.
2026-04-11T19:36:52Z [error] ProcessNewBlock: ActivateBestChain failed (Failed to close block undo file.)
2026-04-11T19:36:52Z [error] Failed to close block undo file FlatFilePos(nFile=0, nPos=46994): No space left on device (28)
2026-04-11T19:36:52Z [error] A fatal internal error occurred, see debug.log for details: Failed to close block undo file.
2026-04-11T19:36:53Z [error] ConnectTip: ConnectBlock 000002df26319ddb4442a262f2845d38287039763c133e3b7e0fdf91c0e820fc failed, Failed to close block undo file.
2026-04-11T19:36:53Z [error] ProcessNewBlock: ActivateBestChain failed (Failed to close block undo file.)
2026-04-11T19:36:53Z [error] Failed to close block undo file FlatFilePos(nFile=0, nPos=47035): No space left on device (28)
2026-04-11T19:36:53Z [error] A fatal internal error occurred, see debug.log for details: Failed to close block undo file.
2026-04-11T19:36:53Z [error] ConnectTip: ConnectBlock 000002df26319ddb4442a262f2845d38287039763c133e3b7e0fdf91c0e820fc failed, Failed to close block undo file.
2026-04-11T19:36:53Z [error] ProcessNewBlock: ActivateBestChain failed (Failed to close block undo file.)
2026-04-11T19:36:53Z [error] Failed to close block undo file FlatFilePos(nFile=0, nPos=47076): No space left on device (28)
2026-04-11T19:36:53Z [error] A fatal internal error occurred, see debug.log for details: Failed to close block undo file.
2026-04-11T19:36:53Z [error] ConnectTip: ConnectBlock 000002df26319ddb4442a262f2845d38287039763c133e3b7e0fdf91c0e820fc failed, Failed to close block undo file.
2026-04-11T19:36:53Z [error] ProcessNewBlock: ActivateBestChain failed (Failed to close block undo file.)
2026-04-11T19:36:53Z [error] Failed to close block undo file FlatFilePos(nFile=0, nPos=47117): No space left on device (28)
2026-04-11T19:36:53Z [error] A fatal internal error occurred, see debug.log for details: Failed to close block undo file.
2026-04-11T19:36:53Z [error] ConnectTip: ConnectBlock 000002df26319ddb4442a262f2845d38287039763c133e3b7e0fdf91c0e820fc failed, Failed to close block undo file.
2026-04-11T19:36:53Z [error] ProcessNewBlock: ActivateBestChain failed (Failed to close block undo file.)
2026-04-11T19:36:53Z [error] Failed to close block undo file FlatFilePos(nFile=0, nPos=47158): No space left on device (28)
2026-04-11T19:36:53Z [error] A fatal internal error occurred, see debug.log for details: Failed to close block undo file.
2026-04-11T19:36:53Z [error] ConnectTip: ConnectBlock 000002df26319ddb4442a262f2845d38287039763c133e3b7e0fdf91c0e820fc failed, Failed to close block undo file.
2026-04-11T19:36:53Z [error] ProcessNewBlock: ActivateBestChain failed (Failed to close block undo file.)
2026-04-11T19:36:53Z [error] Failed to close block undo file FlatFilePos(nFile=0, nPos=47199): No space left on device (28)
2026-04-11T19:36:53Z [error] A fatal internal error occurred, see debug.log for details: Failed to close block undo file.
2026-04-11T19:36:54Z [error] ConnectTip: ConnectBlock 000002df26319ddb4442a262f2845d38287039763c133e3b7e0fdf91c0e820fc failed, Failed to close block undo file.
2026-04-11T19:36:54Z [error] ProcessNewBlock: ActivateBestChain failed (Failed to close block undo file.)
2026-04-11T19:36:54Z [error] Failed to close block undo file FlatFilePos(nFile=0, nPos=47240): No space left on device (28)
2026-04-11T19:36:54Z [error] A fatal internal error occurred, see debug.log for details: Failed to close block undo file.
2026-04-11T19:36:55Z [error] ConnectTip: ConnectBlock 000002df26319ddb4442a262f2845d38287039763c133e3b7e0fdf91c0e820fc failed, Failed to close block undo file.
2026-04-11T19:36:55Z [error] ProcessNewBlock: ActivateBestChain failed (Failed to close block undo file.)
2026-04-11T19:36:55Z [error] Failed to close block undo file FlatFilePos(nFile=0, nPos=47281): No space left on device (28)
2026-04-11T19:36:55Z [error] A fatal internal error occurred, see debug.log for details: Failed to close block undo file.
2026-04-11T19:36:56Z [error] ConnectTip: ConnectBlock 000002df26319ddb4442a262f2845d38287039763c133e3b7e0fdf91c0e820fc failed, Failed to close block undo file.
2026-04-11T19:36:56Z [error] ProcessNewBlock: ActivateBestChain failed (Failed to close block undo file.)
2026-04-11T19:36:56Z [error] Failed to close block undo file FlatFilePos(nFile=0, nPos=47322): No space left on device (28)
2026-04-11T19:36:56Z [error] A fatal internal error occurred, see debug.log for details: Failed to close block undo file.
2026-04-11T19:37:03Z [error] ConnectTip: ConnectBlock 000002df26319ddb4442a262f2845d38287039763c133e3b7e0fdf91c0e820fc failed, Failed to close block undo file.
2026-04-11T19:37:03Z [error] ProcessNewBlock: ActivateBestChain failed (Failed to close block undo file.)
2026-04-11T19:37:03Z [error] Failed to close block undo file FlatFilePos(nFile=0, nPos=47363): No space left on device (28)
2026-04-11T19:37:03Z [error] A fatal internal error occurred, see debug.log for details: Failed to close block undo file.
2026-04-11T19:37:03Z [error] ConnectTip: ConnectBlock 000002df26319ddb4442a262f2845d38287039763c133e3b7e0fdf91c0e820fc failed, Failed to close block undo file.
2026-04-11T19:37:03Z [error] ProcessNewBlock: ActivateBestChain failed (Failed to close block undo file.)
2026-04-11T19:37:03Z [error] Failed to close block undo file FlatFilePos(nFile=0, nPos=47404): No space left on device (28)
2026-04-11T19:37:03Z [error] A fatal internal error occurred, see debug.log for details: Failed to close block undo file.
2026-04-11T19:37:03Z [error] ConnectTip: ConnectBlock 000002df26319ddb4442a262f2845d38287039763c133e3b7e0fdf91c0e820fc failed, Failed to close block undo file.
2026-04-11T19:37:03Z [error] ProcessNewBlock: ActivateBestChain failed (Failed to close block undo file.)
2026-04-11T19:37:03Z [error] Failed to close block undo file FlatFilePos(nFile=0, nPos=47445): No space left on device (28)
2026-04-11T19:37:03Z [error] A fatal internal error occurred, see debug.log for details: Failed to close block undo file.
2026-04-11T19:37:04Z [error] ConnectTip: ConnectBlock 000002df26319ddb4442a262f2845d38287039763c133e3b7e0fdf91c0e820fc failed, Failed to close block undo file.
2026-04-11T19:37:04Z [error] ProcessNewBlock: ActivateBestChain failed (Failed to close block undo file.)
2026-04-11T19:37:04Z [error] Failed to close block undo file FlatFilePos(nFile=0, nPos=47486): No space left on device (28)
2026-04-11T19:37:04Z [error] A fatal internal error occurred, see debug.log for details: Failed to close block undo file.
2026-04-11T19:37:04Z [error] ConnectTip: ConnectBlock 000002df26319ddb4442a262f2845d38287039763c133e3b7e0fdf91c0e820fc failed, Failed to close block undo file.
2026-04-11T19:37:04Z [error] ProcessNewBlock: ActivateBestChain failed (Failed to close block undo file.)
2026-04-11T19:37:04Z [error] Failed to close block undo file FlatFilePos(nFile=0, nPos=47527): No space left on device (28)
2026-04-11T19:37:04Z [error] A fatal internal error occurred, see debug.log for details: Failed to close block undo file.
2026-04-11T19:37:04Z [error] ConnectTip: ConnectBlock 000002df26319ddb4442a262f2845d38287039763c133e3b7e0fdf91c0e820fc failed, Failed to close block undo file.
2026-04-11T19:37:04Z [error] ProcessNewBlock: ActivateBestChain failed (Failed to close block undo file.)
2026-04-11T19:37:04Z [error] Failed to close block undo file FlatFilePos(nFile=0, nPos=47568): No space left on device (28)
2026-04-11T19:37:04Z [error] A fatal internal error occurred, see debug.log for details: Failed to close block undo file.
2026-04-11T19:37:04Z tor: Thread interrupt
2026-04-11T19:37:04Z opencon thread exit
2026-04-11T19:37:04Z torcontrol thread exit
2026-04-11T19:37:04Z addcon thread exit
2026-04-11T19:37:04Z mapport thread exit
2026-04-11T19:37:04Z net thread exit





2026-04-13T04:19:41Z Bitcoin Core version v30.2.0 (release build)
2026-04-13T04:19:41Z Qt 6.7.3 (static), plugin=windows
2026-04-13T04:19:41Z Static plugins:
2026-04-13T04:19:41Z  QMinimalIntegrationPlugin, version 395008
2026-04-13T04:19:41Z  QModernWindowsStylePlugin, version 395008
2026-04-13T04:19:41Z  QWindowsIntegrationPlugin, version 395008
2026-04-13T04:19:41Z Style: windows11 / QWindows11Style
2026-04-13T04:19:54Z Cache configuration:
